date_block_num,shop_id,shop_id_item_cnt_day_sma_2,shop_id_item_cnt_day_sma_5,shop_id_item_cnt_day_sma_12,shop_id_item_cnt_day_diff_1,shop_id_item_cnt_day_diff_2,shop_id_item_cnt_day_diff_5,shop_id_item_cnt_day_diff_12
0,0,0.0,0.0,0.0,0.0,0.0,0.0,0.0
1,0,274.5,0.0,0.0,549.0,0.0,0.0,0.0
0,1,0.0,0.0,0.0,0.0,0.0,0.0,0.0
1,1,208.5,0.0,0.0,417.0,0.0,0.0,0.0
0,2,0.0,0.0,0.0,0.0,0.0,0.0,0.0
1,2,-329.0,0.0,0.0,-658.0,0.0,0.0,0.0
2,2,132.5,0.0,0.0,265.0,-393.0,0.0,0.0
3,2,-85.0,0.0,0.0,-170.0,95.0,0.0,0.0
4,2,-15.0,-151.60000000000002,0.0,-30.0,-200.0,0.0,0.0
5,2,139.5,190.20000000000005,0.0,279.0,249.0,-314.0,0.0
6,2,-12.5,101.39999999999998,0.0,-25.0,254.0,319.0,0.0
7,2,34.0,145.0,0.0,68.0,43.0,122.0,0.0
8,2,35.0,142.60000000000002,0.0,70.0,138.0,362.0,0.0
9,2,-75.0,-55.799999999999955,0.0,-150.0,-80.0,242.0,0.0
10,2,33.5,5.2000000000000455,0.0,67.0,-83.0,30.0,0.0
11,2,230.0,362.20000000000005,491.91666666666663,460.0,527.0,515.0,0.0
12,2,-216.0,-72.79999999999995,81.25,-432.0,28.0,15.0,-256.0
13,2,10.5,-45.0,67.0,21.0,-411.0,-34.0,423.0
14,2,39.5,-5.0,126.25,79.0,100.0,195.0,237.0
15,2,-99.5,-189.79999999999995,-90.08333333333337,-199.0,-120.0,-71.0,208.0
16,2,59.5,11.600000000000023,-0.8333333333333712,119.0,-80.0,-412.0,357.0
17,2,23.5,45.200000000000045,35.75,47.0,166.0,67.0,125.0
18,2,-59.5,-59.200000000000045,-85.83333333333337,-119.0,-72.0,-73.0,31.0
19,2,59.0,65.60000000000002,25.41666666666663,118.0,-1.0,-34.0,81.0
20,2,-18.0,3.7999999999999545,-8.5,-36.0,82.0,129.0,-25.0
21,2,12.5,21.799999999999955,4.0,25.0,-11.0,35.0,150.0
22,2,123.5,221.79999999999995,223.5,247.0,272.0,235.0,330.0
23,2,364.5,734.2,902.5833333333334,729.0,976.0,1083.0,599.0
24,2,-467.0,-206.0,-39.5,-934.0,-205.0,31.0,97.0
25,2,-40.0,-283.4000000000001,-119.16666666666674,-80.0,-1014.0,-13.0,-4.0
26,2,-72.5,-391.79999999999995,-245.16666666666663,-145.0,-225.0,-183.0,-228.0
27,2,48.5,-228.20000000000005,-153.83333333333337,97.0,-48.0,-333.0,68.0
28,2,-8.0,-28.600000000000023,-164.25,-16.0,81.0,-1078.0,-67.0
29,2,-19.5,-31.0,-190.5,-39.0,-55.0,-183.0,-153.0
30,2,-9.5,-25.600000000000023,-205.08333333333337,-19.0,-58.0,-122.0,-53.0
31,2,78.5,95.39999999999998,-46.91666666666663,157.0,138.0,180.0,-14.0
32,2,-60.0,-17.200000000000045,-158.75,-120.0,37.0,-37.0,-98.0
33,2,-47.5,-89.0,-235.58333333333337,-95.0,-215.0,-116.0,-218.0
0,3,0.0,0.0,0.0,0.0,0.0,0.0,0.0
1,3,15.5,0.0,0.0,31.0,0.0,0.0,0.0
2,3,80.5,0.0,0.0,161.0,192.0,0.0,0.0
3,3,-156.0,0.0,0.0,-312.0,-151.0,0.0,0.0
4,3,31.5,-66.20000000000005,0.0,63.0,-249.0,0.0,0.0
5,3,37.0,4.399999999999977,0.0,74.0,137.0,17.0,0.0
6,3,-31.5,-43.200000000000045,0.0,-63.0,11.0,-77.0,0.0
7,3,84.5,139.60000000000002,0.0,169.0,106.0,-69.0,0.0
8,3,68.0,199.79999999999995,0.0,136.0,305.0,379.0,0.0
9,3,-116.5,-49.799999999999955,0.0,-233.0,-97.0,83.0,0.0
10,3,88.5,90.0,0.0,177.0,-56.0,186.0,0.0
11,3,82.0,171.39999999999998,284.08333333333337,164.0,341.0,413.0,0.0
12,3,-83.0,-10.200000000000045,101.33333333333337,-166.0,-2.0,78.0,201.0
13,3,-47.5,-74.60000000000002,0.08333333333337123,-95.0,-261.0,-153.0,75.0
14,3,116.0,95.0,219.91666666666663,232.0,137.0,312.0,146.0
15,3,-210.0,-268.0,-203.25,-420.0,-188.0,-285.0,38.0
16,3,45.5,-105.39999999999998,-117.75,91.0,-329.0,-358.0,66.0
17,3,26.0,-25.399999999999977,-69.41666666666663,52.0,143.0,-140.0,44.0
18,3,-35.0,-72.39999999999998,-142.5,-70.0,-18.0,-115.0,37.0
19,3,72.0,112.20000000000005,0.5,144.0,74.0,-203.0,12.0
20,3,29.0,115.20000000000005,64.0,58.0,202.0,275.0,-66.0
21,3,-77.5,-45.60000000000002,-92.0,-155.0,-97.0,29.0,12.0
22,3,129.0,165.39999999999998,158.25,258.0,103.0,235.0,93.0
23,3,106.0,274.0,358.5,212.0,470.0,517.0,141.0
24,3,-149.0,-39.0,59.75,-298.0,-86.0,75.0,9.0
25,3,-119.5,-233.60000000000002,-168.0,-239.0,-537.0,-222.0,-135.0
26,3,1.5,-217.79999999999995,-134.66666666666663,3.0,-236.0,-64.0,-364.0
27,3,-0.5,-154.20000000000005,-140.25,-1.0,2.0,-323.0,55.0
28,3,-4.5,-54.39999999999998,-145.5,-9.0,-10.0,-544.0,-45.0
29,3,-29.5,-52.39999999999998,-191.5,-59.0,-68.0,-305.0,-156.0
30,3,-68.5,-148.79999999999995,-309.91666666666663,-137.0,-196.0,-203.0,-223.0
31,3,65.5,-2.7999999999999545,-159.25,131.0,-6.0,-75.0,-236.0
32,3,39.5,75.20000000000005,-62.33333333333337,79.0,210.0,5.0,-215.0
33,3,-66.0,-33.200000000000045,-178.33333333333337,-132.0,-53.0,-118.0,-192.0
0,4,0.0,0.0,0.0,0.0,0.0,0.0,0.0
1,4,-44.5,0.0,0.0,-89.0,0.0,0.0,0.0
2,4,17.5,0.0,0.0,35.0,-54.0,0.0,0.0
3,4,-887.5,0.0,0.0,-1775.0,-1740.0,0.0,0.0
4,4,463.0,-328.0,0.0,926.0,-849.0,0.0,0.0
5,4,126.5,55.0,0.0,253.0,1179.0,-650.0,0.0
6,4,-43.0,98.40000000000009,0.0,-86.0,167.0,-647.0,0.0
7,4,167.5,502.79999999999995,0.0,335.0,249.0,-347.0,0.0
8,4,-88.5,75.59999999999991,0.0,-177.0,158.0,1251.0,0.0
9,4,-27.0,-32.59999999999991,0.0,-54.0,-231.0,271.0,0.0
10,4,2.0,-33.0,0.0,4.0,-50.0,22.0,0.0
11,4,381.0,555.0,664.5,762.0,766.0,870.0,0.0
12,4,-409.0,-206.4000000000001,-96.5,-818.0,-56.0,-283.0,-684.0
13,4,-65.5,-290.0,-167.0,-131.0,-949.0,-237.0,-726.0
14,4,-26.5,-295.79999999999995,-152.16666666666674,-53.0,-184.0,-236.0,-814.0
15,4,-45.5,-320.5999999999999,-315.66666666666674,-91.0,-144.0,-331.0,870.0
16,4,84.5,33.200000000000045,-156.08333333333326,169.0,78.0,-924.0,113.0
17,4,-55.5,-34.40000000000009,-246.16666666666674,-111.0,58.0,-217.0,-251.0
18,4,-61.0,-114.79999999999995,-344.25,-122.0,-233.0,-208.0,-287.0
19,4,148.0,153.0,-21.083333333333258,296.0,174.0,141.0,-326.0
20,4,-148.5,-131.0,-280.91666666666674,-297.0,-1.0,-65.0,-446.0
21,4,45.0,-12.200000000000045,-165.75,90.0,-207.0,-144.0,-302.0
22,4,95.5,147.20000000000005,34.83333333333326,191.0,281.0,158.0,-115.0
23,4,350.0,651.2,749.5833333333333,700.0,891.0,980.0,-177.0
24,4,-441.5,-192.0,-113.25,-883.0,-183.0,-199.0,-242.0
25,4,-104.0,-378.0,-294.66666666666674,-208.0,-1091.0,-110.0,-319.0
26,4,-1.0,-339.5999999999999,-274.33333333333326,-2.0,-210.0,-202.0,-268.0
27,4,-39.5,-324.20000000000005,-332.0,-79.0,-81.0,-472.0,-256.0
28,4,-3.0,-94.60000000000002,-302.08333333333326,-6.0,-85.0,-1178.0,-431.0
29,4,-50.0,-115.60000000000002,-367.08333333333326,-100.0,-106.0,-395.0,-420.0
30,4,24.5,-39.0,-297.33333333333326,49.0,-51.0,-138.0,-249.0
31,4,52.5,72.20000000000005,-155.66666666666674,105.0,154.0,-31.0,-440.0
32,4,-107.5,-109.39999999999998,-340.83333333333326,-215.0,-110.0,-167.0,-358.0
33,4,49.5,2.0,-212.75,99.0,-116.0,-62.0,-349.0
0,6,0.0,0.0,0.0,0.0,0.0,0.0,0.0
1,6,160.5,0.0,0.0,321.0,0.0,0.0,0.0
2,6,256.0,0.0,0.0,512.0,833.0,0.0,0.0
3,6,-675.5,0.0,0.0,-1351.0,-839.0,0.0,0.0
4,6,-73.0,-658.4000000000001,0.0,-146.0,-1497.0,0.0,0.0
5,6,412.5,134.4000000000001,0.0,825.0,679.0,161.0,0.0
6,6,-243.5,-223.19999999999982,0.0,-487.0,338.0,-647.0,0.0
7,6,171.0,282.1999999999998,0.0,342.0,-145.0,-817.0,0.0
8,6,253.0,580.1999999999998,0.0,506.0,848.0,1040.0,0.0
9,6,-266.5,-83.40000000000009,0.0,-533.0,-27.0,653.0,0.0
10,6,131.5,161.4000000000001,0.0,263.0,-270.0,91.0,0.0
11,6,764.5,1269.0,1583.75,1529.0,1792.0,2107.0,0.0
12,6,-1221.5,-1038.4,-804.0833333333335,-2443.0,-914.0,-678.0,-662.0
13,6,52.5,-717.5999999999999,-625.9166666666665,105.0,-2338.0,-1079.0,-878.0
14,6,-12.0,-627.5999999999999,-532.0833333333335,-24.0,81.0,-570.0,-1414.0
15,6,-6.0,-470.5999999999999,-537.8333333333335,-12.0,-36.0,-845.0,-75.0
16,6,-236.5,-374.1999999999998,-977.3333333333335,-473.0,-485.0,-2847.0,-402.0
17,6,55.0,-205.4000000000001,-774.25,110.0,-363.0,-294.0,-1117.0
18,6,-93.5,-275.1999999999998,-893.1666666666665,-187.0,-77.0,-586.0,-817.0
19,6,10.0,-146.80000000000018,-778.25,20.0,-167.0,-542.0,-1139.0
20,6,95.5,112.0,-466.0833333333335,191.0,211.0,-339.0,-1454.0
21,6,-99.5,-74.0,-571.75,-199.0,-8.0,-65.0,-1120.0
22,6,297.5,437.0,88.91666666666652,595.0,396.0,420.0,-788.0
23,6,482.5,1087.6,1166.5833333333335,965.0,1560.0,1572.0,-1352.0
24,6,-893.5,-652.4000000000001,-562.4166666666665,-1787.0,-822.0,-235.0,-696.0
25,6,0.5,-566.4000000000001,-494.75,1.0,-1786.0,-425.0,-800.0
26,6,-174.0,-799.5999999999999,-749.0833333333335,-348.0,-347.0,-574.0,-1124.0
27,6,8.5,-552.1999999999998,-640.8333333333335,17.0,-331.0,-1152.0,-1095.0
28,6,-125.0,-328.8000000000002,-818.1666666666665,-250.0,-233.0,-2367.0,-872.0
29,6,-104.5,-380.0,-927.9166666666665,-209.0,-459.0,-789.0,-1191.0
30,6,-27.5,-266.0,-894.6666666666665,-55.0,-264.0,-845.0,-1059.0
31,6,45.5,-93.79999999999995,-721.3333333333335,91.0,36.0,-406.0,-988.0
32,6,75.0,110.79999999999995,-485.5833333333335,150.0,241.0,-273.0,-1029.0
33,6,38.5,177.0,-345.8333333333335,77.0,227.0,54.0,-753.0
0,7,0.0,0.0,0.0,0.0,0.0,0.0,0.0
1,7,9.0,0.0,0.0,18.0,0.0,0.0,0.0
2,7,-26.5,0.0,0.0,-53.0,-35.0,0.0,0.0
3,7,-460.0,0.0,0.0,-920.0,-973.0,0.0,0.0
4,7,53.5,-484.0,0.0,107.0,-813.0,0.0,0.0
5,7,219.0,36.0,0.0,438.0,545.0,-410.0,0.0
6,7,-27.0,78.40000000000009,0.0,-54.0,384.0,-482.0,0.0
7,7,183.0,457.0,0.0,366.0,312.0,-63.0,0.0
8,7,101.0,447.1999999999998,0.0,202.0,568.0,1059.0,0.0
9,7,-181.5,-33.59999999999991,0.0,-363.0,-161.0,589.0,0.0
10,7,108.0,109.0,0.0,216.0,-147.0,367.0,0.0
11,7,639.5,1048.0,1382.1666666666665,1279.0,1495.0,1700.0,0.0
12,7,-691.0,-324.4000000000001,12.333333333333485,-1382.0,-103.0,-48.0,-146.0
13,7,4.0,-268.0,33.333333333333485,8.0,-1374.0,-242.0,-156.0
14,7,-162.5,-552.1999999999998,-256.0,-325.0,-317.0,-204.0,-428.0
15,7,-194.0,-778.5999999999999,-652.6666666666665,-388.0,-713.0,-808.0,104.0
16,7,15.5,-336.4000000000001,-624.0,31.0,-357.0,-2056.0,28.0
17,7,114.0,-19.200000000000045,-380.8333333333335,228.0,259.0,-446.0,-182.0
18,7,-90.0,-72.40000000000009,-535.1666666666665,-180.0,48.0,-634.0,-308.0
19,7,139.0,211.79999999999995,-224.16666666666652,278.0,98.0,-31.0,-396.0
20,7,-141.5,-86.0,-433.75,-283.0,-5.0,74.0,-881.0
21,7,-33.5,-148.20000000000005,-452.0,-67.0,-350.0,-24.0,-585.0
22,7,231.0,271.79999999999995,38.25,462.0,395.0,210.0,-339.0
23,7,602.5,1157.8000000000002,1277.6666666666667,1205.0,1667.0,1595.0,-413.0
24,7,-617.0,-92.80000000000018,65.75,-1234.0,-29.0,83.0,-265.0
25,7,-118.5,-355.5999999999999,-128.75,-237.0,-1471.0,129.0,-510.0
26,7,-208.5,-728.4000000000001,-495.58333333333326,-417.0,-654.0,-221.0,-602.0
27,7,-45.0,-663.8,-560.25,-90.0,-507.0,-773.0,-304.0
28,7,-61.5,-366.5999999999999,-645.0833333333333,-123.0,-213.0,-2101.0,-458.0
29,7,9.0,-178.79999999999995,-571.4166666666667,18.0,-105.0,-849.0,-668.0
30,7,46.0,17.200000000000045,-446.41666666666674,92.0,110.0,-520.0,-396.0
31,7,41.0,103.40000000000009,-315.08333333333326,82.0,174.0,-21.0,-592.0
32,7,-61.0,-8.0,-401.16666666666674,-122.0,-40.0,-53.0,-431.0
33,7,-37.5,-82.0,-439.58333333333326,-75.0,-197.0,-5.0,-439.0
0,8,0.0,0.0,0.0,0.0,0.0,0.0,0.0
1,8,-153.5,0.0,0.0,-307.0,0.0,0.0,0.0
2,8,-89.5,0.0,0.0,-179.0,-486.0,0.0,0.0
3,8,-489.0,0.0,0.0,-978.0,-1157.0,0.0,0.0
0,10,0.0,0.0,0.0,0.0,0.0,0.0,0.0
1,10,45.5,0.0,0.0,91.0,0.0,0.0,0.0
2,10,-4.5,0.0,0.0,-9.0,82.0,0.0,0.0
3,10,-130.5,0.0,0.0,-261.0,-270.0,0.0,0.0
4,10,-36.5,-200.39999999999998,0.0,-73.0,-334.0,0.0,0.0
5,10,40.5,-85.20000000000005,0.0,81.0,8.0,-171.0,0.0
6,10,18.0,-4.0,0.0,36.0,117.0,-226.0,0.0
7,10,-22.5,3.3999999999999773,0.0,-45.0,-9.0,-262.0,0.0
8,10,136.0,221.20000000000005,0.0,272.0,227.0,271.0,0.0
9,10,-7.0,141.20000000000005,0.0,-14.0,258.0,330.0,0.0
10,10,1.5,93.79999999999995,0.0,3.0,-11.0,252.0,0.0
11,10,162.0,309.79999999999995,412.33333333333337,324.0,327.0,540.0,0.0
12,10,-278.0,-252.0,-131.08333333333337,-556.0,-232.0,29.0,-151.0
13,10,26.5,-161.0,-62.33333333333337,53.0,-503.0,-190.0,-189.0
14,10,33.0,-73.0,13.166666666666629,66.0,119.0,-110.0,-114.0
15,10,-128.5,-256.0,-234.66666666666663,-257.0,-191.0,-370.0,-110.0
16,10,28.0,-72.39999999999998,-180.25,56.0,-201.0,-638.0,19.0
17,10,-63.5,-157.60000000000002,-291.5,-127.0,-71.0,-209.0,-189.0
18,10,-7.5,-117.20000000000005,-286.5,-15.0,-142.0,-277.0,-240.0
19,10,43.0,20.200000000000045,-191.41666666666663,86.0,71.0,-257.0,-109.0
20,10,49.0,98.60000000000002,-69.83333333333337,98.0,184.0,98.0,-283.0
21,10,-52.0,7.0,-142.75,-104.0,-6.0,-62.0,-373.0
22,10,60.0,90.0,-1.4166666666666288,120.0,16.0,185.0,-256.0
23,10,151.0,291.6,323.75,302.0,422.0,502.0,-278.0
24,10,-217.0,-138.79999999999995,-97.25,-434.0,-132.0,-18.0,-156.0
26,10,-31.5,-166.0,-137.58333333333337,-63.0,-497.0,-179.0,-272.0
27,10,14.5,-127.79999999999995,-82.83333333333337,29.0,-34.0,-46.0,-309.0
28,10,-64.0,-197.0,-195.83333333333337,-128.0,-99.0,-294.0,-180.0
29,10,-12.5,-97.79999999999995,-199.08333333333337,-25.0,-153.0,-621.0,-261.0
30,10,4.0,-54.0,-180.58333333333337,8.0,-17.0,-179.0,-126.0
31,10,-3.5,-36.39999999999998,-177.75,-7.0,1.0,-123.0,-118.0
32,10,38.5,55.60000000000002,-90.16666666666663,77.0,70.0,-75.0,-127.0
33,10,-45.5,-27.80000000000001,-154.83333333333337,-91.0,-14.0,-38.0,-316.0
0,12,0.0,0.0,0.0,0.0,0.0,0.0,0.0
1,12,183.5,0.0,0.0,367.0,0.0,0.0,0.0
2,12,105.0,0.0,0.0,210.0,577.0,0.0,0.0
3,12,-27.5,0.0,0.0,-55.0,155.0,0.0,0.0
4,12,-223.5,-233.20000000000005,0.0,-447.0,-502.0,0.0,0.0
5,12,396.5,386.20000000000005,0.0,793.0,346.0,868.0,0.0
6,12,-493.5,-503.5999999999999,0.0,-987.0,-194.0,-486.0,0.0
7,12,438.0,336.4000000000001,0.0,876.0,-111.0,180.0,0.0
8,12,216.5,635.8,0.0,433.0,1309.0,668.0,0.0
9,12,-71.0,299.20000000000005,0.0,-142.0,291.0,973.0,0.0
10,12,492.5,1051.2,0.0,985.0,843.0,1165.0,0.0
11,12,-127.0,417.5999999999999,1020.9166666666667,-254.0,731.0,1898.0,0.0
12,12,-759.0,-1001.1999999999998,-518.8333333333333,-1518.0,-1772.0,-496.0,261.0
13,12,422.0,-140.19999999999982,263.66666666666674,844.0,-674.0,-85.0,738.0
14,12,109.0,22.800000000000182,419.5,218.0,1062.0,275.0,746.0
15,12,-213.5,-176.79999999999995,-38.66666666666674,-427.0,-209.0,-1137.0,374.0
16,12,151.0,241.4000000000001,169.75,302.0,-125.0,-581.0,1123.0
17,12,-480.5,-714.8,-738.6666666666667,-961.0,-659.0,-24.0,-631.0
18,12,66.5,-434.79999999999995,-646.4166666666667,133.0,-828.0,-735.0,489.0
19,12,-80.5,-373.0,-761.75,-161.0,-28.0,-1114.0,-548.0
20,12,1174.5,1643.6,1473.25,2349.0,2188.0,1662.0,1368.0
21,12,-440.5,666.8,539.8333333333333,-881.0,1468.0,479.0,629.0
22,12,606.5,1349.1999999999998,1681.4166666666665,1213.0,332.0,2653.0,857.0
23,12,271.5,1279.6,2086.5833333333335,543.0,1756.0,3063.0,1654.0
24,12,-721.5,-519.5999999999999,499.5,-1443.0,-900.0,1781.0,1729.0
25,12,-489.0,-1188.4,-470.75,-978.0,-2421.0,-1546.0,-93.0
26,12,16.0,-1029.8000000000002,-415.5,32.0,-946.0,-633.0,-279.0
27,12,679.0,425.8000000000002,817.0,1358.0,1390.0,-488.0,1506.0
28,12,352.5,1196.0,1362.9166666666665,705.0,2063.0,-326.0,1909.0
29,12,-1059.5,-722.5999999999999,-818.6666666666665,-2119.0,-1414.0,-1002.0,751.0
30,12,-138.0,-938.5999999999999,-1123.1666666666665,-276.0,-2395.0,-300.0,342.0
31,12,-41.5,-938.5999999999999,-1241.1666666666665,-83.0,-359.0,-415.0,420.0
32,12,1872.0,2411.2,2351.5833333333335,3744.0,3661.0,1971.0,1815.0
33,12,-517.0,1330.8000000000002,1179.0833333333335,-1034.0,2710.0,232.0,1662.0
0,13,0.0,0.0,0.0,0.0,0.0,0.0,0.0
1,13,-71.0,0.0,0.0,-142.0,0.0,0.0,0.0
2,13,104.5,0.0,0.0,209.0,67.0,0.0,0.0
3,13,-113.5,0.0,0.0,-227.0,-18.0,0.0,0.0
4,13,43.0,-12.200000000000045,0.0,86.0,-141.0,0.0,0.0
5,13,127.0,205.79999999999995,0.0,254.0,340.0,180.0,0.0
6,13,-132.0,-69.79999999999995,0.0,-264.0,-10.0,58.0,0.0
7,13,-75.0,-159.5999999999999,0.0,-150.0,-414.0,-301.0,0.0
8,13,104.5,22.40000000000009,0.0,209.0,59.0,135.0,0.0
9,13,-28.5,-33.0,0.0,-57.0,152.0,-8.0,0.0
10,13,-22.0,-15.799999999999955,0.0,-44.0,-101.0,-306.0,0.0
11,13,99.5,151.79999999999995,123.58333333333326,199.0,155.0,157.0,0.0
12,13,-145.5,-142.4000000000001,-149.25,-291.0,-92.0,16.0,-218.0
13,13,-78.0,-228.5999999999999,-285.91666666666674,-156.0,-447.0,-349.0,-232.0
14,13,98.0,-13.399999999999977,-69.5,196.0,40.0,-96.0,-245.0
15,13,-76.0,-124.60000000000002,-207.33333333333326,-152.0,44.0,-204.0,-170.0
16,13,-23.5,-81.60000000000002,-229.08333333333326,-47.0,-199.0,-450.0,-303.0
17,13,23.0,-13.0,-140.5,46.0,-1.0,-113.0,-511.0
18,13,-41.0,-87.20000000000005,-195.08333333333337,-82.0,-36.0,-39.0,-329.0
19,13,-278.0,-485.0,-689.8333333333334,-556.0,-638.0,-791.0,-735.0
0,14,0.0,0.0,0.0,0.0,0.0,0.0,0.0
1,14,9.0,0.0,0.0,18.0,0.0,0.0,0.0
2,14,49.0,0.0,0.0,98.0,116.0,0.0,0.0
3,14,-323.0,0.0,0.0,-646.0,-548.0,0.0,0.0
4,14,121.0,-151.20000000000005,0.0,242.0,-404.0,0.0,0.0
5,14,187.0,205.5999999999999,0.0,374.0,616.0,86.0,0.0
6,14,-77.0,68.79999999999995,0.0,-154.0,220.0,-86.0,0.0
7,14,253.5,511.20000000000005,0.0,507.0,353.0,323.0,0.0
8,14,-710.0,-818.5999999999999,0.0,-1420.0,-913.0,-451.0,0.0
9,14,369.0,-89.59999999999991,0.0,738.0,-682.0,45.0,0.0
10,14,138.0,197.0,0.0,276.0,1014.0,-53.0,0.0
11,14,71.0,290.4000000000001,278.58333333333326,142.0,418.0,243.0,0.0
12,14,-260.0,-72.79999999999995,-212.66666666666674,-520.0,-378.0,-784.0,-345.0
13,14,28.0,-155.20000000000005,-131.08333333333326,56.0,-464.0,692.0,-307.0
14,14,-122.5,-342.0,-321.91666666666674,-245.0,-189.0,-291.0,-650.0
15,14,-109.5,-403.79999999999995,-522.3333333333333,-219.0,-464.0,-786.0,-223.0
16,14,137.0,1.0,-232.41666666666674,274.0,55.0,-654.0,-191.0
17,14,-63.0,-73.0,-300.83333333333326,-126.0,148.0,-260.0,-691.0
18,14,-21.0,-43.40000000000009,-294.58333333333326,-42.0,-168.0,-358.0,-579.0
19,14,54.5,66.40000000000009,-104.16666666666674,109.0,67.0,-4.0,-977.0
20,14,17.5,51.40000000000009,-109.0,35.0,144.0,250.0,478.0
21,14,-46.0,-17.40000000000009,-171.66666666666674,-92.0,-57.0,-116.0,-352.0
22,14,215.5,325.4000000000001,275.75,431.0,339.0,441.0,-197.0
23,14,113.0,409.5999999999999,511.16666666666674,226.0,657.0,709.0,-113.0
24,14,-303.0,-195.20000000000005,-78.25,-606.0,-380.0,-6.0,-199.0
25,14,-113.0,-367.79999999999995,-264.16666666666674,-226.0,-832.0,-267.0,-481.0
26,14,-2.5,-336.79999999999995,-249.08333333333326,-5.0,-231.0,-180.0,-241.0
27,14,26.5,-172.20000000000005,-198.66666666666674,53.0,48.0,-558.0,31.0
28,14,-61.0,-113.0,-290.25,-122.0,-69.0,-906.0,-365.0
29,14,43.0,15.799999999999955,-191.5,86.0,-36.0,-214.0,-153.0
30,14,-32.5,-38.60000000000002,-241.83333333333326,-65.0,21.0,-53.0,-176.0
31,14,53.5,56.60000000000002,-120.0,107.0,42.0,59.0,-178.0
32,14,16.5,81.79999999999995,-72.0,33.0,140.0,39.0,-180.0
33,14,-46.0,-24.0,-149.0,-92.0,-59.0,69.0,-180.0
0,15,0.0,0.0,0.0,0.0,0.0,0.0,0.0
1,15,11.0,0.0,0.0,22.0,0.0,0.0,0.0
2,15,44.5,0.0,0.0,89.0,111.0,0.0,0.0
3,15,-333.5,0.0,0.0,-667.0,-578.0,0.0,0.0
4,15,-118.5,-549.8000000000002,0.0,-237.0,-904.0,0.0,0.0
5,15,244.0,-0.8000000000001819,0.0,488.0,251.0,-305.0,0.0
6,15,90.0,208.5999999999999,0.0,180.0,668.0,-147.0,0.0
7,15,-31.5,205.4000000000001,0.0,-63.0,117.0,-299.0,0.0
8,15,127.0,335.0,0.0,254.0,191.0,622.0,0.0
9,15,-89.0,20.800000000000182,0.0,-178.0,76.0,681.0,0.0
10,15,60.0,78.19999999999982,0.0,120.0,-58.0,313.0,0.0
11,15,727.0,1214.8000000000002,1496.1666666666665,1454.0,1574.0,1587.0,0.0
12,15,-863.0,-496.0,-207.83333333333348,-1726.0,-272.0,-76.0,-264.0
13,15,-53.5,-515.5999999999999,-282.0833333333335,-107.0,-1833.0,-437.0,-393.0
14,15,-104.5,-631.0,-433.5,-209.0,-316.0,-468.0,-691.0
15,15,-236.5,-891.8000000000002,-865.0833333333335,-473.0,-682.0,-1061.0,-497.0
16,15,16.5,-362.4000000000001,-813.1666666666665,33.0,-440.0,-2482.0,-227.0
17,15,33.5,-157.5999999999999,-692.1666666666665,67.0,100.0,-689.0,-648.0
18,15,-60.5,-138.0,-734.0833333333335,-121.0,-54.0,-703.0,-949.0
19,15,179.5,248.0,-331.1666666666665,359.0,238.0,-135.0,-527.0
20,15,12.0,199.5999999999999,-244.08333333333348,24.0,383.0,362.0,-757.0
21,15,-8.0,121.0,-210.5,-16.0,8.0,313.0,-595.0
22,15,70.5,184.5999999999999,-21.666666666666515,141.0,125.0,387.0,-574.0
23,15,339.0,625.4000000000001,768.8333333333335,678.0,819.0,1186.0,-1350.0
24,15,-395.0,-172.0,13.333333333333258,-790.0,-112.0,37.0,-414.0
25,15,-259.0,-589.0,-435.91666666666674,-518.0,-1308.0,-505.0,-825.0
26,15,-72.0,-606.4000000000001,-516.5833333333333,-144.0,-662.0,-633.0,-760.0
27,15,-10.0,-467.5999999999999,-511.0,-20.0,-164.0,-794.0,-307.0
28,15,-43.5,-242.79999999999995,-562.4166666666667,-87.0,-107.0,-1559.0,-427.0
29,15,27.5,-45.0,-470.83333333333326,55.0,-32.0,-714.0,-439.0
30,15,-8.0,-18.59999999999991,-459.0,-16.0,39.0,-212.0,-334.0
31,15,22.0,30.200000000000045,-360.91666666666674,44.0,28.0,-24.0,-649.0
32,15,-46.5,-43.40000000000009,-390.08333333333326,-93.0,-49.0,-97.0,-766.0
33,15,-12.0,-60.59999999999991,-349.58333333333326,-24.0,-117.0,-34.0,-774.0
0,16,0.0,0.0,0.0,0.0,0.0,0.0,0.0
1,16,-182.0,0.0,0.0,-364.0,0.0,0.0,0.0
2,16,237.0,0.0,0.0,474.0,110.0,0.0,0.0
3,16,-485.0,0.0,0.0,-970.0,-496.0,0.0,0.0
4,16,71.5,-350.8000000000002,0.0,143.0,-827.0,0.0,0.0
5,16,407.0,443.8000000000002,0.0,814.0,957.0,97.0,0.0
6,16,-88.5,210.0,0.0,-177.0,637.0,284.0,0.0
7,16,-220.5,-104.80000000000018,0.0,-441.0,-618.0,-631.0,0.0
8,16,-266.5,-599.0,0.0,-533.0,-974.0,-194.0,0.0
9,16,-62.0,-630.8000000000002,0.0,-124.0,-657.0,-461.0,0.0
10,16,135.5,-159.0,0.0,271.0,147.0,-1004.0,0.0
11,16,408.0,659.1999999999998,372.75,816.0,1087.0,-11.0,0.0
12,16,-487.0,-206.0,-512.5,-974.0,-158.0,-544.0,-1065.0
13,16,-110.0,-379.8000000000002,-655.75,-220.0,-1194.0,-231.0,-921.0
14,16,-14.0,-380.79999999999995,-565.1666666666665,-28.0,-248.0,-135.0,-1423.0
15,16,-216.5,-646.0,-924.3333333333335,-433.0,-461.0,-839.0,-886.0
16,16,31.0,-265.4000000000001,-781.75,62.0,-371.0,-1593.0,-967.0
17,16,111.5,36.799999999999955,-428.91666666666674,223.0,285.0,-396.0,-1558.0
18,16,-73.0,-44.799999999999955,-447.66666666666674,-146.0,77.0,-322.0,-1527.0
19,16,95.5,166.79999999999995,-182.08333333333326,191.0,45.0,-103.0,-895.0
20,16,-4.5,93.59999999999991,-160.16666666666674,-9.0,182.0,321.0,-371.0
21,16,-61.5,-56.59999999999991,-252.33333333333326,-123.0,-132.0,136.0,-370.0
22,16,177.5,244.79999999999995,126.5,355.0,232.0,268.0,-286.0
23,16,365.5,746.8,888.4166666666667,731.0,1086.0,1145.0,-371.0
24,16,-409.0,-98.40000000000009,88.33333333333326,-818.0,-87.0,136.0,-215.0
25,16,-181.0,-417.0,-243.91666666666674,-362.0,-1180.0,-217.0,-357.0
26,16,-74.5,-517.4000000000001,-353.08333333333326,-149.0,-511.0,-243.0,-478.0
27,16,-38.5,-459.4000000000001,-419.91666666666674,-77.0,-226.0,-675.0,-122.0
28,16,38.5,-116.59999999999991,-334.0,77.0,0.0,-1329.0,-107.0
29,16,-74.5,-133.5999999999999,-443.08333333333326,-149.0,-72.0,-660.0,-479.0
30,16,38.0,-13.200000000000045,-345.66666666666674,76.0,-73.0,-222.0,-257.0
31,16,58.5,95.0,-201.08333333333326,117.0,193.0,44.0,-331.0
32,16,-82.0,-60.40000000000009,-324.58333333333326,-164.0,-47.0,-43.0,-486.0
33,16,-52.0,-119.59999999999991,-389.66666666666674,-104.0,-268.0,-224.0,-467.0
0,18,0.0,0.0,0.0,0.0,0.0,0.0,0.0
1,18,242.5,0.0,0.0,485.0,0.0,0.0,0.0
2,18,105.0,0.0,0.0,210.0,695.0,0.0,0.0
3,18,-565.0,0.0,0.0,-1130.0,-920.0,0.0,0.0
4,18,261.5,-78.59999999999991,0.0,523.0,-607.0,0.0,0.0
5,18,100.0,63.80000000000018,0.0,200.0,723.0,288.0,0.0
6,18,-234.0,-271.1999999999998,0.0,-468.0,-268.0,-665.0,0.0
7,18,-449.0,-814.5999999999999,0.0,-898.0,-1366.0,-1773.0,0.0
8,18,498.0,110.80000000000018,0.0,996.0,98.0,353.0,0.0
9,18,-314.5,-358.4000000000001,0.0,-629.0,367.0,-799.0,0.0
10,18,152.5,85.40000000000009,0.0,305.0,-324.0,-694.0,0.0
11,18,525.0,970.5999999999999,701.6666666666665,1050.0,1355.0,824.0,0.0
12,18,-749.0,-572.1999999999998,-725.1666666666665,-1498.0,-448.0,224.0,-854.0
13,18,-23.5,-455.4000000000001,-656.6666666666665,-47.0,-1545.0,-819.0,-1386.0
14,18,-29.0,-463.8000000000002,-576.8333333333335,-58.0,-105.0,-248.0,-1654.0
15,18,-250.5,-754.0,-992.4166666666665,-501.0,-559.0,-1054.0,-1025.0
16,18,78.5,-207.5999999999999,-719.5,157.0,-344.0,-1947.0,-1391.0
17,18,-139.5,-341.0,-842.6666666666665,-279.0,-122.0,-728.0,-1870.0
18,18,10.0,-188.79999999999995,-707.5,20.0,-259.0,-661.0,-1382.0
19,18,132.0,143.0,-425.16666666666674,264.0,284.0,-339.0,-220.0
20,18,-99.5,-48.59999999999991,-506.25,-199.0,65.0,-37.0,-1415.0
21,18,-164.5,-273.0,-742.3333333333333,-329.0,-528.0,-523.0,-1115.0
22,18,234.0,150.20000000000005,-195.0,468.0,139.0,224.0,-952.0
23,18,226.5,471.79999999999995,387.08333333333326,453.0,921.0,657.0,-1549.0
24,18,-307.0,-98.0,-171.5,-614.0,-161.0,-221.0,-665.0
25,18,41.5,-27.200000000000045,-43.91666666666674,83.0,-531.0,61.0,-535.0
26,18,7.5,-93.20000000000005,9.583333333333258,15.0,98.0,405.0,-462.0
27,18,40.0,-16.59999999999991,79.66666666666674,80.0,95.0,17.0,119.0
28,18,-40.5,5.7999999999999545,8.583333333333258,-81.0,-1.0,-517.0,-119.0
29,18,-111.0,-191.20000000000005,-208.25,-222.0,-303.0,-125.0,-62.0
30,18,-112.5,-329.5999999999999,-407.66666666666674,-225.0,-447.0,-433.0,-307.0
31,18,98.5,-82.40000000000009,-179.5,197.0,-28.0,-251.0,-374.0
32,18,110.0,159.79999999999995,36.75,220.0,417.0,-111.0,45.0
33,18,-96.5,11.400000000000091,-171.33333333333326,-193.0,27.0,-223.0,181.0
0,19,0.0,0.0,0.0,0.0,0.0,0.0,0.0
1,19,-102.0,0.0,0.0,-204.0,0.0,0.0,0.0
2,19,93.0,0.0,0.0,186.0,-18.0,0.0,0.0
3,19,-364.5,0.0,0.0,-729.0,-543.0,0.0,0.0
4,19,-101.0,-565.4000000000001,0.0,-202.0,-931.0,0.0,0.0
5,19,274.5,63.59999999999991,0.0,549.0,347.0,-400.0,0.0
6,19,-89.5,-40.40000000000009,0.0,-179.0,370.0,-375.0,0.0
7,19,108.0,244.5999999999999,0.0,216.0,37.0,-345.0,0.0
8,19,63.0,268.5999999999999,0.0,126.0,342.0,510.0,0.0
9,19,-151.0,-115.40000000000009,0.0,-302.0,-176.0,410.0,0.0
10,19,74.5,31.59999999999991,0.0,149.0,-153.0,10.0,0.0
11,19,556.0,883.4000000000001,1030.6666666666665,1112.0,1261.0,1301.0,0.0
12,19,-582.0,-264.8000000000002,-96.5,-1164.0,-52.0,-79.0,-442.0
13,19,-210.0,-559.8000000000002,-461.6666666666665,-420.0,-1584.0,-625.0,-658.0
14,19,1.5,-492.8000000000002,-388.5833333333335,3.0,-417.0,-320.0,-841.0
15,19,-183.0,-691.8000000000002,-714.75,-366.0,-363.0,-835.0,-478.0
16,19,6.0,-292.8000000000002,-680.75,12.0,-354.0,-1935.0,-264.0
17,19,121.0,55.0,-391.1666666666665,242.0,254.0,-529.0,-571.0
18,19,-150.0,-163.20000000000005,-633.5,-300.0,-58.0,-409.0,-692.0
19,19,126.0,120.79999999999995,-326.8333333333335,252.0,-48.0,-160.0,-656.0
20,19,-158.0,-173.20000000000005,-551.3333333333335,-316.0,-64.0,-110.0,-1098.0
21,19,66.0,-43.200000000000045,-364.0,132.0,-184.0,10.0,-664.0
22,19,151.5,245.5999999999999,-18.5,303.0,435.0,71.0,-510.0
23,19,519.5,1002.5999999999999,1069.0833333333335,1039.0,1342.0,1410.0,-583.0
24,19,-534.5,-84.19999999999982,40.75,-1069.0,-30.0,89.0,-488.0
25,19,-164.5,-428.4000000000001,-255.16666666666674,-329.0,-1398.0,76.0,-397.0
26,19,-116.0,-602.8000000000002,-434.5,-232.0,-561.0,-288.0,-632.0
27,19,7.5,-472.5999999999999,-398.58333333333326,15.0,-217.0,-576.0,-251.0
28,19,-51.5,-232.0,-471.08333333333326,-103.0,-88.0,-1718.0,-366.0
29,19,-79.5,-229.4000000000001,-566.1666666666667,-159.0,-262.0,-808.0,-767.0
30,19,70.0,-21.59999999999991,-398.91666666666674,140.0,-19.0,-339.0,-327.0
31,19,46.5,74.20000000000005,-265.41666666666674,93.0,233.0,-14.0,-486.0
32,19,-151.0,-161.5999999999999,-528.0833333333333,-302.0,-209.0,-331.0,-472.0
33,19,109.0,58.40000000000009,-277.91666666666674,218.0,-84.0,-10.0,-386.0
0,21,0.0,0.0,0.0,0.0,0.0,0.0,0.0
1,21,179.5,0.0,0.0,359.0,0.0,0.0,0.0
2,21,189.5,0.0,0.0,379.0,738.0,0.0,0.0
3,21,-193.5,0.0,0.0,-387.0,-8.0,0.0,0.0
4,21,-100.0,-168.79999999999995,0.0,-200.0,-587.0,0.0,0.0
5,21,133.0,13.799999999999955,0.0,266.0,66.0,417.0,0.0
6,21,-26.0,-39.40000000000009,0.0,-52.0,214.0,6.0,0.0
7,21,100.5,196.0,0.0,201.0,149.0,-172.0,0.0
8,21,212.5,493.0,0.0,425.0,626.0,640.0,0.0
9,21,-235.5,-51.80000000000018,0.0,-471.0,-46.0,369.0,0.0
10,21,79.5,54.80000000000018,0.0,159.0,-312.0,262.0,0.0
11,21,724.5,1151.1999999999998,1522.5833333333335,1449.0,1608.0,1763.0,0.0
12,21,-889.5,-584.4000000000001,-285.5,-1779.0,-330.0,-217.0,349.0
13,21,-11.0,-473.5999999999999,-304.8333333333335,-22.0,-1801.0,-664.0,-32.0
14,21,133.0,-222.19999999999982,-26.75,266.0,244.0,73.0,-145.0
15,21,28.0,-160.19999999999982,4.416666666666515,56.0,322.0,-30.0,298.0
16,21,-117.5,-52.40000000000009,-252.5,-235.0,-179.0,-1714.0,263.0
17,21,-30.0,-113.40000000000009,-307.25,-60.0,-295.0,5.0,-63.0
18,21,-123.0,-315.5999999999999,-531.8333333333335,-246.0,-306.0,-219.0,-257.0
19,21,73.0,-101.79999999999995,-359.8333333333335,146.0,-100.0,-339.0,-312.0
20,21,74.0,95.59999999999991,-162.75,148.0,294.0,-247.0,-589.0
21,21,67.0,205.20000000000005,-30.083333333333485,134.0,282.0,122.0,16.0
22,21,95.5,321.5999999999999,156.91666666666652,191.0,325.0,373.0,48.0
23,21,868.5,1587.4,1865.9166666666665,1737.0,1928.0,2356.0,336.0
24,21,-1018.0,-483.4000000000001,-176.66666666666652,-2036.0,-299.0,174.0,79.0
25,21,-42.0,-555.8000000000002,-262.0833333333335,-84.0,-2120.0,-58.0,17.0
26,21,-76.0,-639.0,-380.6666666666665,-152.0,-236.0,-344.0,-401.0
27,21,183.0,-239.19999999999982,-7.083333333333485,366.0,214.0,-169.0,-91.0
28,21,-168.0,-126.79999999999995,-327.08333333333326,-336.0,30.0,-2242.0,-192.0
29,21,63.5,16.0,-199.66666666666674,127.0,-209.0,-79.0,-5.0
30,21,-51.5,-67.40000000000009,-314.1666666666665,-103.0,24.0,-98.0,138.0
31,21,-59.5,-173.4000000000001,-422.58333333333326,-119.0,-222.0,-65.0,-127.0
32,21,139.0,135.20000000000005,-144.83333333333326,278.0,159.0,-153.0,3.0
33,21,6.0,108.20000000000005,-122.91666666666674,12.0,290.0,195.0,-119.0
0,22,0.0,0.0,0.0,0.0,0.0,0.0,0.0
1,22,261.5,0.0,0.0,523.0,0.0,0.0,0.0
2,22,70.5,0.0,0.0,141.0,664.0,0.0,0.0
3,22,-145.5,0.0,0.0,-291.0,-150.0,0.0,0.0
4,22,-271.0,-447.1999999999998,0.0,-542.0,-833.0,0.0,0.0
5,22,244.0,-23.0,0.0,488.0,-54.0,319.0,0.0
6,22,-170.0,-254.19999999999982,0.0,-340.0,148.0,-544.0,0.0
7,22,57.0,-26.0,0.0,114.0,-226.0,-571.0,0.0
8,22,250.5,430.8000000000002,0.0,501.0,615.0,221.0,0.0
9,22,-77.0,155.0,0.0,-154.0,347.0,609.0,0.0
10,22,-70.0,18.800000000000182,0.0,-140.0,-294.0,-19.0,0.0
11,22,197.0,269.8000000000002,376.5,394.0,254.0,715.0,0.0
12,22,-548.0,-727.1999999999998,-686.0,-1096.0,-702.0,-495.0,-402.0
13,22,242.5,-140.0,-164.33333333333348,485.0,-611.0,-511.0,-440.0
14,22,-12.5,-88.59999999999991,-138.83333333333348,-25.0,460.0,-382.0,-606.0
15,22,-78.0,-165.0,-255.58333333333348,-156.0,-181.0,-398.0,-471.0
16,22,-165.0,-270.5999999999999,-564.0,-330.0,-486.0,-1122.0,-259.0
17,22,-125.0,-465.4000000000001,-730.9166666666667,-250.0,-580.0,-276.0,-997.0
18,22,-1.5,-315.5999999999999,-678.9166666666667,-3.0,-253.0,-764.0,-660.0
19,22,8.5,-154.20000000000005,-598.8333333333333,17.0,14.0,-722.0,-757.0
20,22,247.0,354.20000000000005,-41.16666666666674,494.0,511.0,-72.0,-764.0
21,22,-60.5,205.79999999999995,-101.25,-121.0,373.0,137.0,-731.0
22,22,136.5,346.79999999999995,198.25,273.0,152.0,660.0,-318.0
23,22,260.0,630.2,734.25,520.0,793.0,1183.0,-192.0
24,22,-585.5,-539.8,-414.5,-1171.0,-651.0,-5.0,-267.0
25,22,23.0,-403.20000000000005,-309.66666666666674,46.0,-1125.0,-453.0,-706.0
26,22,123.0,-140.0,-27.416666666666742,246.0,292.0,-86.0,-435.0
27,22,58.5,25.40000000000009,103.08333333333326,117.0,363.0,-242.0,-162.0
28,22,-153.5,-67.79999999999995,-192.33333333333326,-307.0,-190.0,-1069.0,-139.0
29,22,-127.5,-292.20000000000005,-435.33333333333326,-255.0,-562.0,-153.0,-144.0
30,22,-54.5,-339.5999999999999,-523.5,-109.0,-364.0,-308.0,-250.0
31,22,25.5,-188.0,-454.5,51.0,-58.0,-503.0,-216.0
32,22,194.0,246.4000000000001,-39.66666666666674,388.0,439.0,-232.0,-322.0
33,22,-48.0,154.5999999999999,-110.91666666666674,-96.0,292.0,-21.0,-297.0
0,23,0.0,0.0,0.0,0.0,0.0,0.0,0.0
1,23,-3.5,0.0,0.0,-7.0,0.0,0.0,0.0
2,23,88.5,0.0,0.0,177.0,170.0,0.0,0.0
3,23,-210.0,0.0,0.0,-420.0,-243.0,0.0,0.0
0,24,0.0,0.0,0.0,0.0,0.0,0.0,0.0
1,24,7.0,0.0,0.0,14.0,0.0,0.0,0.0
2,24,116.0,0.0,0.0,232.0,246.0,0.0,0.0
3,24,-613.5,0.0,0.0,-1227.0,-995.0,0.0,0.0
4,24,590.0,303.4000000000001,0.0,1180.0,-47.0,0.0,0.0
5,24,316.0,769.2,0.0,632.0,1812.0,831.0,0.0
6,24,-111.0,428.20000000000005,0.0,-222.0,410.0,595.0,0.0
7,24,-36.5,297.20000000000005,0.0,-73.0,-295.0,290.0,0.0
8,24,384.0,608.1999999999998,0.0,768.0,695.0,2285.0,0.0
9,24,-209.0,52.80000000000018,0.0,-418.0,350.0,687.0,0.0
10,24,-5.5,33.0,0.0,-11.0,-429.0,44.0,0.0
11,24,664.0,1042.1999999999998,1642.8333333333335,1328.0,1317.0,1594.0,0.0
12,24,-754.0,-497.5999999999999,76.91666666666652,-1508.0,-180.0,159.0,695.0
13,24,-164.0,-638.1999999999998,-280.5,-328.0,-1836.0,-937.0,353.0
14,24,203.0,-209.5999999999999,81.58333333333348,406.0,78.0,-113.0,527.0
15,24,-399.5,-828.4000000000001,-797.0,-799.0,-393.0,-901.0,955.0
16,24,-37.5,-442.5999999999999,-847.0,-75.0,-874.0,-2304.0,-300.0
17,24,20.5,-250.5999999999999,-731.75,41.0,-34.0,-755.0,-891.0
18,24,-77.5,-289.20000000000005,-818.0833333333335,-155.0,-114.0,-582.0,-824.0
19,24,83.0,41.200000000000045,-603.3333333333335,166.0,11.0,-822.0,-585.0
20,24,-115.5,-139.0,-702.3333333333335,-231.0,-65.0,-254.0,-1584.0
21,24,5.0,-95.20000000000005,-596.0,10.0,-221.0,-169.0,-1156.0
22,24,296.5,421.20000000000005,43.0,593.0,603.0,383.0,-552.0
23,24,337.0,852.8,817.5,674.0,1267.0,1212.0,-1206.0
24,24,-507.5,-168.4000000000001,-138.08333333333326,-1015.0,-341.0,31.0,-713.0
25,24,-220.5,-573.5999999999999,-510.25,-441.0,-1456.0,-179.0,-826.0
26,24,-12.5,-555.8,-430.5,-25.0,-466.0,-214.0,-1257.0
27,24,6.5,-384.0,-380.41666666666674,13.0,-12.0,-794.0,-445.0
28,24,-80.0,-218.4000000000001,-496.25,-160.0,-147.0,-1628.0,-530.0
29,24,-127.5,-299.79999999999995,-682.4166666666667,-255.0,-415.0,-868.0,-826.0
30,24,66.0,-108.79999999999995,-505.5,132.0,-123.0,-295.0,-539.0
31,24,86.0,82.79999999999995,-289.08333333333326,172.0,304.0,-98.0,-533.0
32,24,153.0,349.79999999999995,16.583333333333258,306.0,478.0,195.0,4.0
33,24,-132.5,66.79999999999995,-225.83333333333326,-265.0,41.0,90.0,-271.0
0,25,0.0,0.0,0.0,0.0,0.0,0.0,0.0
1,25,-140.5,0.0,0.0,-281.0,0.0,0.0,0.0
2,25,899.0,0.0,0.0,1798.0,1517.0,0.0,0.0
3,25,-932.5,0.0,0.0,-1865.0,-67.0,0.0,0.0
4,25,-503.5,-1261.6000000000004,0.0,-1007.0,-2872.0,0.0,0.0
5,25,809.0,303.8000000000002,0.0,1618.0,611.0,263.0,0.0
6,25,-558.5,-698.6000000000004,0.0,-1117.0,501.0,-573.0,0.0
7,25,211.5,114.0,0.0,423.0,-694.0,-1948.0,0.0
8,25,733.5,1304.1999999999998,0.0,1467.0,1890.0,1384.0,0.0
9,25,-447.5,110.0,0.0,-895.0,572.0,1496.0,0.0
10,25,138.0,355.2000000000007,0.0,276.0,-619.0,154.0,0.0
11,25,1735.0,2877.0,3554.333333333334,3470.0,3746.0,4741.0,0.0
12,25,-2633.5,-2200.2000000000007,-1597.666666666666,-5267.0,-1797.0,-949.0,-1380.0
13,25,-74.5,-1836.2000000000007,-1642.666666666666,-149.0,-5416.0,-2565.0,-1248.0
14,25,70.0,-1390.2000000000007,-1260.5,140.0,-9.0,-1530.0,-2906.0
15,25,-443.5,-1738.6000000000004,-1986.833333333333,-887.0,-747.0,-2693.0,-1928.0
16,25,-96.5,-660.3999999999996,-2087.0,-193.0,-1080.0,-6356.0,-1114.0
17,25,329.5,84.60000000000036,-1255.25,659.0,466.0,-430.0,-2073.0
18,25,-392.5,-487.1999999999998,-1895.166666666667,-785.0,-126.0,-1066.0,-1741.0
19,25,292.5,222.0,-1178.583333333333,585.0,-200.0,-621.0,-1579.0
20,25,-23.5,131.19999999999982,-967.833333333333,-47.0,538.0,219.0,-3093.0
21,25,108.5,222.39999999999964,-585.75,217.0,170.0,629.0,-1981.0
22,25,653.0,1273.1999999999998,799.5,1306.0,1523.0,1276.0,-951.0
23,25,2288.0,4521.8,5362.583333333333,4576.0,5882.0,6637.0,155.0
24,25,-2823.0,-1205.3999999999996,-264.75,-5646.0,-1070.0,406.0,-224.0
25,25,-522.5,-2132.0,-1216.416666666667,-1045.0,-6691.0,-592.0,-1120.0
26,25,220.5,-1617.3999999999996,-707.166666666667,441.0,-604.0,-368.0,-819.0
27,25,64.0,-1180.1999999999998,-595.5,128.0,569.0,-1546.0,196.0
28,25,-211.5,-294.1999999999998,-1015.666666666667,-423.0,-295.0,-6545.0,-34.0
29,25,-309.5,-609.6000000000004,-1525.333333333333,-619.0,-1042.0,-1518.0,-1312.0
30,25,-208.5,-848.6000000000004,-1863.666666666667,-417.0,-1036.0,-890.0,-944.0
31,25,-0.5,-583.1999999999998,-1737.166666666667,-1.0,-418.0,-1332.0,-1530.0
32,25,609.0,683.1999999999998,-497.08333333333303,1218.0,1217.0,-242.0,-265.0
33,25,177.0,930.1999999999998,-132.41666666666697,354.0,1572.0,535.0,-128.0
0,26,0.0,0.0,0.0,0.0,0.0,0.0,0.0
1,26,133.0,0.0,0.0,266.0,0.0,0.0,0.0
2,26,219.5,0.0,0.0,439.0,705.0,0.0,0.0
3,26,-327.5,0.0,0.0,-655.0,-216.0,0.0,0.0
4,26,-116.5,-350.5999999999999,0.0,-233.0,-888.0,0.0,0.0
5,26,256.5,96.40000000000009,0.0,513.0,280.0,330.0,0.0
6,26,-249.0,-314.8000000000002,0.0,-498.0,15.0,-434.0,0.0
7,26,144.5,91.0,0.0,289.0,-209.0,-584.0,0.0
8,26,377.0,680.0,0.0,754.0,1043.0,825.0,0.0
9,26,-382.5,-143.5999999999999,0.0,-765.0,-11.0,293.0,0.0
10,26,-16.0,-125.19999999999982,0.0,-32.0,-797.0,-252.0,0.0
11,26,491.0,611.1999999999998,789.6666666666665,982.0,950.0,1228.0,0.0
12,26,-731.0,-746.1999999999998,-638.8333333333335,-1462.0,-480.0,-523.0,-402.0
13,26,189.0,-188.4000000000001,-236.66666666666652,378.0,-1084.0,-899.0,-290.0
14,26,-122.0,-356.8000000000002,-399.5833333333335,-244.0,134.0,-378.0,-973.0
15,26,-238.0,-668.4000000000001,-809.4166666666665,-476.0,-720.0,-822.0,-794.0
16,26,88.5,-166.0,-600.4166666666665,177.0,-299.0,-1627.0,-384.0
17,26,-83.0,-265.79999999999995,-677.8333333333335,-166.0,11.0,-331.0,-1063.0
18,26,-69.5,-235.20000000000005,-758.1666666666665,-139.0,-305.0,-848.0,-704.0
19,26,34.0,-60.0,-613.0833333333335,68.0,-71.0,-536.0,-925.0
20,26,191.5,258.4000000000001,-122.08333333333326,383.0,451.0,323.0,-1296.0
21,26,-5.0,221.20000000000005,-87.0,-10.0,373.0,136.0,-541.0
22,26,80.5,289.5999999999999,103.0,161.0,151.0,463.0,-348.0
23,26,486.0,946.8000000000002,1104.8333333333333,972.0,1133.0,1574.0,-358.0
24,26,-659.0,-408.8000000000002,-195.33333333333326,-1318.0,-346.0,188.0,-214.0
25,26,-188.0,-670.5999999999999,-490.66666666666674,-376.0,-1694.0,-571.0,-968.0
26,26,73.5,-440.79999999999995,-295.58333333333326,147.0,-229.0,-414.0,-577.0
27,26,20.5,-293.0,-249.58333333333326,41.0,188.0,-534.0,-60.0
28,26,-84.5,-127.0,-384.75,-169.0,-128.0,-1675.0,-406.0
29,26,-202.5,-379.5999999999999,-736.0,-405.0,-574.0,-762.0,-645.0
30,26,27.0,-259.20000000000005,-644.3333333333333,54.0,-351.0,-332.0,-452.0
31,26,91.0,-17.799999999999955,-434.16666666666674,182.0,236.0,-297.0,-338.0
32,26,182.0,341.0,-40.41666666666674,364.0,546.0,26.0,-357.0
33,26,-72.0,186.79999999999995,-143.5,-144.0,220.0,51.0,-491.0
0,27,0.0,0.0,0.0,0.0,0.0,0.0,0.0
1,27,-501.0,0.0,0.0,-1002.0,0.0,0.0,0.0
2,27,454.0,0.0,0.0,908.0,-94.0,0.0,0.0
3,27,-754.0,0.0,0.0,-1508.0,-600.0,0.0,0.0
4,27,-214.0,-1084.3999999999996,0.0,-428.0,-1936.0,0.0,0.0
5,27,-1621.5,-3272.8,0.0,-3243.0,-3671.0,-5273.0,0.0
6,27,1936.5,679.8000000000002,0.0,3873.0,630.0,-398.0,0.0
7,27,388.5,1562.6,0.0,777.0,4650.0,-529.0,0.0
8,27,28.0,1411.6,0.0,56.0,833.0,1035.0,0.0
9,27,-342.0,571.8000000000002,0.0,-684.0,-628.0,779.0,0.0
10,27,254.0,173.80000000000018,0.0,508.0,-176.0,4530.0,0.0
11,27,1589.0,2584.8,3447.5,3178.0,3686.0,3835.0,0.0
12,27,-1266.0,-52.399999999999636,923.583333333333,-2532.0,646.0,526.0,-97.0
13,27,-621.5,-1140.8000000000002,-291.25,-1243.0,-3775.0,-773.0,-338.0
14,27,133.5,-909.3999999999996,57.33333333333303,267.0,-976.0,178.0,-979.0
15,27,-135.5,-1060.1999999999998,-235.16666666666697,-271.0,-4.0,-601.0,258.0
16,27,150.5,-63.600000000000364,-16.41666666666697,301.0,30.0,-3478.0,987.0
17,27,-111.5,-52.80000000000018,-573.333333333333,-223.0,78.0,-1169.0,4007.0
18,27,-263.0,-488.39999999999964,-1066.666666666667,-526.0,-749.0,-452.0,-392.0
19,27,502.0,458.60000000000036,-48.91666666666697,1004.0,478.0,285.0,-165.0
20,27,-367.0,-239.80000000000018,-703.333333333333,-734.0,270.0,-178.0,-955.0
21,27,-152.0,-387.1999999999998,-959.416666666667,-304.0,-1038.0,-783.0,-575.0
22,27,476.5,487.1999999999998,4.41666666666697,953.0,649.0,393.0,-130.0
23,27,1610.5,2880.2,3232.666666666667,3221.0,4174.0,4140.0,-87.0
24,27,-1118.0,464.1999999999998,979.25,-2236.0,985.0,900.0,209.0
25,27,-910.5,-1319.3999999999996,-811.0,-1821.0,-4057.0,-187.0,-369.0
26,27,-102.5,-1506.8000000000002,-945.916666666667,-205.0,-2026.0,-88.0,-841.0
27,27,-58.0,-1391.3999999999996,-1004.75,-116.0,-321.0,-1157.0,-686.0
28,27,134.0,-301.4000000000001,-676.833333333333,268.0,152.0,-4110.0,-719.0
29,27,-214.5,-269.8000000000002,-1028.75,-429.0,-161.0,-2303.0,-925.0
30,27,-439.5,-876.5999999999999,-1801.25,-879.0,-1308.0,-1361.0,-1278.0
32,27,-1239.5,-2628.6,-3883.5,-2479.0,-3358.0,-3635.0,-4761.0
0,28,0.0,0.0,0.0,0.0,0.0,0.0,0.0
1,28,-809.5,0.0,0.0,-1619.0,0.0,0.0,0.0
2,28,740.0,0.0,0.0,1480.0,-139.0,0.0,0.0
3,28,-1004.0,0.0,0.0,-2008.0,-528.0,0.0,0.0
4,28,396.5,-302.1999999999998,0.0,793.0,-1215.0,0.0,0.0
5,28,676.5,1051.0,0.0,1353.0,2146.0,-1.0,0.0
6,28,-158.5,473.8000000000002,0.0,-317.0,1036.0,1301.0,0.0
7,28,391.0,1135.1999999999998,0.0,782.0,465.0,603.0,0.0
8,28,-384.0,-1.3999999999996362,0.0,-768.0,14.0,1843.0,0.0
9,28,-572.0,-1126.6000000000004,0.0,-1144.0,-1912.0,-94.0,0.0
10,28,422.5,-161.19999999999982,0.0,845.0,-299.0,-602.0,0.0
11,28,1022.5,1531.8000000000002,1944.25,2045.0,2890.0,1760.0,0.0
12,28,-775.0,96.19999999999982,403.25,-1550.0,495.0,-572.0,-108.0
13,28,-725.5,-1103.8000000000002,-1052.75,-1451.0,-3001.0,-1255.0,60.0
14,28,201.5,-759.1999999999998,-565.0,403.0,-1048.0,292.0,-1017.0
15,28,-660.0,-1704.6000000000004,-1857.583333333333,-1320.0,-917.0,-1873.0,-329.0
16,28,160.5,-664.1999999999998,-1469.833333333333,321.0,-999.0,-3597.0,-801.0
17,28,399.5,384.39999999999964,-557.916666666667,799.0,1120.0,-1248.0,-1355.0
18,28,-582.5,-588.1999999999998,-1539.333333333333,-1165.0,-366.0,-962.0,-2203.0
19,28,633.0,697.6000000000004,-130.08333333333303,1266.0,101.0,-99.0,-1719.0
20,28,-699.5,-665.8000000000002,-1333.25,-1399.0,-133.0,-178.0,-2350.0
21,28,146.0,-332.39999999999964,-965.083333333333,292.0,-1107.0,-207.0,-914.0
22,28,398.5,506.39999999999964,-87.91666666666697,797.0,1089.0,-209.0,-962.0
23,28,973.5,1872.8000000000002,1947.416666666667,1947.0,2744.0,2903.0,-1060.0
24,28,-280.0,1097.3999999999996,1393.25,-560.0,1387.0,1077.0,-70.0
25,28,-1322.5,-1513.8000000000002,-1146.416666666667,-2645.0,-3205.0,-169.0,-1264.0
26,28,-47.5,-1497.6000000000004,-1094.583333333333,-95.0,-2740.0,-556.0,-1762.0
27,28,-226.5,-1589.3999999999996,-1473.0,-453.0,-548.0,-1806.0,-895.0
28,28,49.0,-760.3999999999996,-1281.833333333333,98.0,-355.0,-3655.0,-1118.0
29,28,68.5,-31.800000000000182,-996.5,137.0,235.0,-2958.0,-1780.0
30,28,-154.5,-216.4000000000001,-1228.5,-309.0,-172.0,-622.0,-924.0
31,28,68.5,-1.400000000000091,-920.416666666667,137.0,-172.0,-390.0,-2053.0
32,28,-385.0,-630.0,-1571.75,-770.0,-633.0,-707.0,-1424.0
33,28,19.5,-437.8000000000002,-1393.0,39.0,-731.0,-766.0,-1677.0
0,29,0.0,0.0,0.0,0.0,0.0,0.0,0.0
1,29,7.0,0.0,0.0,14.0,0.0,0.0,0.0
2,29,158.5,0.0,0.0,317.0,331.0,0.0,0.0
3,29,-449.5,0.0,0.0,-899.0,-582.0,0.0,0.0
4,29,46.5,-335.4000000000001,0.0,93.0,-806.0,0.0,0.0
5,29,229.0,126.0,0.0,458.0,551.0,-17.0,0.0
6,29,-299.0,-346.1999999999998,0.0,-598.0,-140.0,-629.0,0.0
7,29,-66.0,-262.5999999999999,0.0,-132.0,-730.0,-1078.0,0.0
8,29,379.5,380.4000000000001,0.0,759.0,627.0,580.0,0.0
9,29,-340.5,-261.8000000000002,0.0,-681.0,78.0,-194.0,0.0
10,29,135.0,84.59999999999991,0.0,270.0,-411.0,-382.0,0.0
11,29,318.0,550.1999999999998,478.3333333333335,636.0,906.0,852.0,0.0
12,29,-538.0,-507.4000000000001,-527.75,-1076.0,-440.0,-92.0,-839.0
13,29,-30.5,-386.0,-512.5833333333335,-61.0,-1137.0,-912.0,-914.0
14,29,12.5,-319.8000000000002,-387.0833333333335,25.0,-36.0,-206.0,-1206.0
15,29,-53.5,-310.1999999999998,-459.5833333333335,-107.0,-82.0,-583.0,-414.0
16,29,-19.5,-97.59999999999991,-453.0833333333335,-39.0,-146.0,-1258.0,-546.0
17,29,-184.5,-356.4000000000001,-707.6666666666665,-369.0,-408.0,-551.0,-1373.0
18,29,1.5,-256.0,-640.3333333333335,3.0,-366.0,-487.0,-772.0
19,29,63.0,-52.799999999999955,-471.5,126.0,129.0,-386.0,-514.0
20,29,82.0,134.20000000000005,-215.08333333333326,164.0,290.0,-115.0,-1109.0
21,29,-41.0,83.79999999999995,-254.58333333333326,-82.0,82.0,-158.0,-510.0
22,29,142.5,269.5999999999999,71.66666666666674,285.0,203.0,496.0,-495.0
23,29,238.0,551.8,602.25,476.0,761.0,969.0,-655.0
24,29,-419.0,-287.20000000000005,-201.0,-838.0,-362.0,5.0,-417.0
25,29,-145.5,-488.20000000000005,-438.08333333333326,-291.0,-1129.0,-450.0,-647.0
26,29,-17.0,-441.79999999999995,-413.25,-34.0,-325.0,-402.0,-706.0
27,29,-11.5,-322.79999999999995,-384.41666666666674,-23.0,-57.0,-710.0,-622.0
28,29,-168.0,-354.4000000000001,-643.8333333333333,-336.0,-359.0,-1522.0,-919.0
0,30,0.0,0.0,0.0,0.0,0.0,0.0,0.0
1,30,-130.5,0.0,0.0,-261.0,0.0,0.0,0.0
2,30,154.5,0.0,0.0,309.0,48.0,0.0,0.0
3,30,-323.5,0.0,0.0,-647.0,-338.0,0.0,0.0
4,30,-37.5,-376.8000000000002,0.0,-75.0,-722.0,0.0,0.0
5,30,245.0,150.0,0.0,490.0,415.0,-184.0,0.0
6,30,-178.0,-150.19999999999982,0.0,-356.0,134.0,-279.0,0.0
7,30,180.5,256.1999999999998,0.0,361.0,5.0,-227.0,0.0
8,30,112.0,351.4000000000001,0.0,224.0,585.0,644.0,0.0
9,30,-67.5,99.59999999999991,0.0,-135.0,89.0,584.0,0.0
10,30,-144.5,-150.4000000000001,0.0,-289.0,-424.0,-195.0,0.0
11,30,483.5,591.0,773.4166666666665,967.0,678.0,1128.0,0.0
12,30,-591.5,-508.8000000000002,-360.0,-1183.0,-216.0,-416.0,-595.0
13,30,-61.5,-479.1999999999998,-444.9166666666665,-123.0,-1306.0,-763.0,-457.0
14,30,50.5,-272.8000000000002,-288.5,101.0,-22.0,-527.0,-665.0
15,30,-183.0,-518.0,-622.5,-366.0,-265.0,-604.0,-384.0
16,30,-17.5,-231.80000000000018,-628.8333333333335,-35.0,-401.0,-1606.0,-344.0
17,30,-92.5,-295.1999999999998,-728.9166666666665,-185.0,-220.0,-608.0,-1019.0
18,30,-77.5,-322.20000000000005,-815.75,-155.0,-340.0,-640.0,-818.0
19,30,34.0,-119.59999999999991,-655.1666666666665,68.0,-87.0,-673.0,-1111.0
20,30,144.0,172.20000000000005,-279.9166666666665,288.0,356.0,-19.0,-1047.0
21,30,-4.0,162.5999999999999,-211.25,-8.0,280.0,8.0,-920.0
22,30,38.0,184.79999999999995,-89.0,76.0,68.0,269.0,-555.0
23,30,328.0,624.8000000000002,639.1666666666665,656.0,732.0,1080.0,-866.0
24,30,-429.0,-264.0,-173.75,-858.0,-202.0,154.0,-541.0
25,30,-548.5,-1114.8,-1144.5,-1097.0,-1955.0,-1231.0,-1515.0
0,31,0.0,0.0,0.0,0.0,0.0,0.0,0.0
1,31,493.5,0.0,0.0,987.0,0.0,0.0,0.0
2,31,755.0,0.0,0.0,1510.0,2497.0,0.0,0.0
3,31,-1524.5,0.0,0.0,-3049.0,-1539.0,0.0,0.0
4,31,-99.0,-1186.3999999999996,0.0,-198.0,-3247.0,0.0,0.0
5,31,324.5,-517.2000000000007,0.0,649.0,451.0,-101.0,0.0
6,31,-286.0,-757.2000000000007,0.0,-572.0,77.0,-1660.0,0.0
7,31,191.0,182.39999999999964,0.0,382.0,-190.0,-2788.0,0.0
8,31,661.0,1187.7999999999993,0.0,1322.0,1704.0,1583.0,0.0
9,31,-225.0,471.60000000000036,0.0,-450.0,872.0,1331.0,0.0
10,31,478.0,1100.0,0.0,956.0,506.0,1638.0,0.0
11,31,2304.0,4344.4,5277.416666666666,4608.0,5564.0,6818.0,0.0
12,31,-3150.5,-1983.6000000000004,-1010.5833333333339,-6301.0,-1693.0,135.0,-156.0
13,31,-144.5,-1977.3999999999996,-1180.25,-289.0,-6590.0,-1476.0,-1432.0
14,31,-42.5,-1840.2000000000007,-1013.0,-85.0,-374.0,-1111.0,-3027.0
15,31,-373.0,-2023.6000000000004,-1698.666666666666,-746.0,-831.0,-2813.0,-724.0
16,31,-535.5,-1396.2000000000007,-2636.583333333334,-1071.0,-1817.0,-8492.0,-1597.0
17,31,-62.5,-1058.0,-2564.0,-125.0,-1196.0,-2316.0,-2371.0
18,31,-322.5,-1168.6000000000004,-3005.333333333334,-645.0,-770.0,-2672.0,-2444.0
19,31,596.0,302.39999999999964,-1677.166666666666,1192.0,547.0,-1395.0,-1634.0
20,31,167.5,700.1999999999998,-1123.75,335.0,1527.0,-314.0,-2621.0
21,31,-63.0,448.0,-1058.333333333334,-126.0,209.0,631.0,-2297.0
22,31,704.0,1423.2000000000007,503.41666666666606,1408.0,1282.0,2164.0,-1845.0
23,31,2372.5,4657.4,5390.75,4745.0,6153.0,7554.0,-1708.0
24,31,-2897.5,-1251.0,-304.08333333333394,-5795.0,-1050.0,567.0,-1202.0
25,31,-705.5,-2426.2000000000007,-1521.416666666666,-1411.0,-7206.0,-1179.0,-2324.0
26,31,-55.0,-2303.6000000000004,-1435.666666666666,-110.0,-1521.0,-1163.0,-2349.0
27,31,23.5,-1751.7999999999993,-1259.0,47.0,-63.0,-2524.0,-1556.0
28,31,-507.0,-1109.1999999999998,-2148.083333333334,-1014.0,-967.0,-8283.0,-1499.0
29,31,-83.5,-745.1999999999998,-2186.666666666666,-167.0,-1181.0,-2655.0,-1541.0
30,31,-86.5,-634.8000000000002,-2270.583333333334,-173.0,-340.0,-1417.0,-1069.0
31,31,-136.5,-591.8000000000002,-2332.416666666667,-273.0,-446.0,-1580.0,-2534.0
32,31,395.5,366.39999999999964,-1368.25,791.0,518.0,-836.0,-2078.0
33,31,-196.5,16.399999999999636,-1565.833333333333,-393.0,398.0,-215.0,-2345.0
0,32,0.0,0.0,0.0,0.0,0.0,0.0,0.0
1,32,128.0,0.0,0.0,256.0,0.0,0.0,0.0
2,32,198.0,0.0,0.0,396.0,652.0,0.0,0.0
3,32,-263.0,0.0,0.0,-526.0,-130.0,0.0,0.0
4,32,-77.5,-230.0,0.0,-155.0,-681.0,0.0,0.0
5,32,142.0,3.0,0.0,284.0,129.0,255.0,0.0
6,32,-700.0,-1116.8,0.0,-1400.0,-1116.0,-1401.0,0.0
0,35,0.0,0.0,0.0,0.0,0.0,0.0,0.0
1,35,39.0,0.0,0.0,78.0,0.0,0.0,0.0
2,35,181.5,0.0,0.0,363.0,441.0,0.0,0.0
3,35,-361.5,0.0,0.0,-723.0,-360.0,0.0,0.0
4,35,101.5,-110.59999999999991,0.0,203.0,-520.0,0.0,0.0
5,35,116.0,90.80000000000018,0.0,232.0,435.0,153.0,0.0
6,35,-119.5,-115.40000000000009,0.0,-239.0,-7.0,-164.0,0.0
7,35,175.0,270.0,0.0,350.0,111.0,-177.0,0.0
8,35,41.0,226.4000000000001,0.0,82.0,432.0,628.0,0.0
9,35,-195.0,-170.5999999999999,0.0,-390.0,-308.0,35.0,0.0
10,35,176.0,150.4000000000001,0.0,352.0,-38.0,155.0,0.0
11,35,568.0,980.4000000000001,1232.0833333333335,1136.0,1488.0,1530.0,0.0
12,35,-800.5,-536.4000000000001,-355.8333333333335,-1601.0,-465.0,-421.0,-157.0
13,35,55.5,-347.0,-234.5,111.0,-1490.0,-392.0,-124.0
14,35,158.5,-93.0,96.66666666666652,317.0,428.0,315.0,-170.0
15,35,-311.5,-584.0,-520.5,-623.0,-306.0,-660.0,-70.0
16,35,91.0,-79.20000000000005,-330.9166666666665,182.0,-441.0,-1614.0,-91.0
17,35,3.0,-71.79999999999995,-298.5,6.0,188.0,-7.0,-317.0
18,35,-85.0,-184.20000000000005,-447.8333333333335,-170.0,-164.0,-288.0,-248.0
19,35,95.5,89.59999999999991,-222.91666666666652,191.0,21.0,-414.0,-407.0
20,35,-21.5,13.400000000000091,-221.58333333333348,-43.0,148.0,166.0,-532.0
21,35,-66.5,-89.79999999999995,-331.6666666666665,-133.0,-176.0,-149.0,-275.0
22,35,268.0,370.0,211.91666666666652,536.0,403.0,381.0,-91.0
23,35,577.5,1183.8000000000002,1372.9166666666665,1155.0,1691.0,1706.0,-72.0
24,35,-753.0,-324.0,-135.0,-1506.0,-351.0,9.0,23.0
25,35,-221.5,-688.8000000000002,-533.75,-443.0,-1949.0,-391.0,-531.0
26,35,45.5,-564.4000000000001,-379.66666666666674,91.0,-352.0,-167.0,-757.0
27,35,-35.5,-480.5999999999999,-433.58333333333326,-71.0,20.0,-774.0,-205.0
28,35,-16.5,-121.20000000000005,-431.58333333333326,-33.0,-104.0,-1962.0,-420.0
29,35,-155.0,-278.0,-680.25,-310.0,-343.0,-766.0,-736.0
30,35,36.0,-155.79999999999995,-567.0833333333333,72.0,-238.0,-251.0,-494.0
31,35,177.0,195.79999999999995,-185.5,354.0,426.0,12.0,-331.0
32,35,-52.5,95.20000000000005,-257.75,-105.0,249.0,-22.0,-393.0
33,35,-65.0,-11.0,-355.25,-130.0,-235.0,-119.0,-390.0
0,37,0.0,0.0,0.0,0.0,0.0,0.0,0.0
1,37,-91.5,0.0,0.0,-183.0,0.0,0.0,0.0
2,37,206.5,0.0,0.0,413.0,230.0,0.0,0.0
3,37,-341.5,0.0,0.0,-683.0,-270.0,0.0,0.0
4,37,36.5,-222.80000000000018,0.0,73.0,-610.0,0.0,0.0
5,37,-95.0,-298.8000000000002,0.0,-190.0,-117.0,-570.0,0.0
6,37,-268.0,-650.2,0.0,-536.0,-726.0,-923.0,0.0
7,37,89.5,-239.79999999999995,0.0,179.0,-357.0,-1157.0,0.0
8,37,97.0,10.200000000000045,0.0,194.0,373.0,-280.0,0.0
9,37,-248.5,-316.79999999999995,0.0,-497.0,-303.0,-850.0,0.0
10,37,69.5,-73.59999999999991,0.0,139.0,-358.0,-521.0,0.0
11,37,192.5,231.4000000000001,-110.25,385.0,524.0,400.0,0.0
12,37,-284.0,-267.20000000000005,-572.0833333333333,-568.0,-183.0,-347.0,-1274.0
13,37,-7.5,-171.0,-494.91666666666674,-15.0,-583.0,-556.0,-1106.0
14,37,68.0,-50.40000000000009,-243.66666666666674,136.0,121.0,77.0,-1383.0
15,37,-151.0,-279.5999999999999,-462.16666666666674,-302.0,-166.0,-364.0,-1002.0
16,37,48.0,-53.0,-284.58333333333326,96.0,-206.0,-653.0,-979.0
17,37,12.5,-16.0,-195.91666666666674,25.0,121.0,-60.0,-764.0
18,37,-34.0,-61.40000000000009,-239.25,-68.0,-43.0,-113.0,-296.0
19,37,121.5,182.79999999999995,23.083333333333258,243.0,175.0,-6.0,-232.0
20,37,-13.5,102.0,33.83333333333326,-27.0,216.0,269.0,-453.0
21,37,-69.5,-43.799999999999955,-97.25,-139.0,-166.0,34.0,-95.0
22,37,211.0,292.0,309.08333333333326,422.0,283.0,431.0,188.0
23,37,228.5,557.8,744.4166666666667,457.0,879.0,956.0,260.0
24,37,-404.5,-232.0,-66.16666666666674,-809.0,-352.0,-96.0,19.0
25,37,-78.0,-343.0,-212.0,-156.0,-965.0,-225.0,-122.0
26,37,1.0,-324.20000000000005,-188.66666666666674,2.0,-154.0,-84.0,-256.0
27,37,59.5,-127.79999999999995,-83.41666666666674,119.0,121.0,-387.0,165.0
28,37,-65.0,-63.0,-208.33333333333326,-130.0,-11.0,-974.0,-61.0
29,37,-87.5,-170.0,-361.58333333333326,-175.0,-305.0,-340.0,-261.0
30,37,118.5,56.39999999999998,-128.25,237.0,62.0,53.0,44.0
31,37,103.5,211.79999999999995,78.08333333333326,207.0,444.0,258.0,8.0
32,37,-135.0,-32.0,-172.33333333333326,-270.0,-63.0,-131.0,-235.0
33,37,-72.5,-147.79999999999995,-297.25,-145.0,-415.0,-146.0,-241.0
0,38,0.0,0.0,0.0,0.0,0.0,0.0,0.0
1,38,-17.0,0.0,0.0,-34.0,0.0,0.0,0.0
2,38,169.5,0.0,0.0,339.0,305.0,0.0,0.0
3,38,-317.0,0.0,0.0,-634.0,-295.0,0.0,0.0
4,38,-19.0,-282.0,0.0,-38.0,-672.0,0.0,0.0
5,38,101.0,-47.0,0.0,202.0,164.0,-165.0,0.0
6,38,-43.0,-89.59999999999991,0.0,-86.0,116.0,-217.0,0.0
7,38,221.0,375.20000000000005,0.0,442.0,356.0,-114.0,0.0
8,38,-114.5,88.0,0.0,-229.0,213.0,291.0,0.0
9,38,-73.5,-95.40000000000009,0.0,-147.0,-376.0,182.0,0.0
10,38,85.0,44.59999999999991,0.0,170.0,23.0,150.0,0.0
11,38,521.5,831.8,1016.3333333333333,1043.0,1213.0,1279.0,0.0
12,38,-691.0,-441.20000000000005,-336.16666666666674,-1382.0,-339.0,-545.0,-354.0
13,38,105.5,-209.20000000000005,-116.08333333333326,211.0,-1171.0,-105.0,-109.0
14,38,0.0,-217.5999999999999,-78.75,0.0,211.0,42.0,-448.0
15,38,-93.0,-340.79999999999995,-264.75,-186.0,-186.0,-314.0,0.0
16,38,184.0,225.0,69.41666666666674,368.0,182.0,-989.0,406.0
17,38,-138.0,-74.40000000000009,-200.58333333333326,-276.0,92.0,117.0,-72.0
18,38,122.5,140.4000000000001,22.833333333333258,245.0,-31.0,151.0,259.0
19,38,-43.5,40.59999999999991,-41.66666666666674,-87.0,158.0,64.0,-270.0
20,38,-66.5,-115.79999999999995,-160.16666666666674,-133.0,-220.0,117.0,-174.0
21,38,-88.5,-207.20000000000005,-320.16666666666674,-177.0,-310.0,-428.0,-204.0
22,38,197.0,138.4000000000001,72.16666666666674,394.0,217.0,242.0,20.0
23,38,483.0,911.8,1042.9166666666667,966.0,1360.0,963.0,-57.0
24,38,-617.0,-285.4000000000001,-198.66666666666674,-1234.0,-268.0,-184.0,91.0
25,38,-19.0,-305.5999999999999,-223.5,-38.0,-1272.0,-89.0,-158.0
26,38,70.0,-211.20000000000005,-82.0,140.0,102.0,228.0,-18.0
27,38,-102.5,-342.0,-283.91666666666674,-205.0,-65.0,-371.0,-37.0
28,38,-40.5,-139.4000000000001,-324.41666666666674,-81.0,-286.0,-1418.0,-486.0
29,38,-58.0,-195.4000000000001,-413.25,-116.0,-197.0,-300.0,-326.0
30,38,106.5,27.40000000000009,-170.41666666666674,213.0,97.0,-49.0,-358.0
31,38,213.5,406.79999999999995,243.58333333333326,427.0,640.0,238.0,156.0
32,38,-218.0,-30.59999999999991,-180.16666666666674,-436.0,-9.0,7.0,-147.0
33,38,-117.5,-236.20000000000005,-398.08333333333326,-235.0,-671.0,-147.0,-205.0
0,41,0.0,0.0,0.0,0.0,0.0,0.0,0.0
1,41,-71.0,0.0,0.0,-142.0,0.0,0.0,0.0
2,41,-20.0,0.0,0.0,-40.0,-182.0,0.0,0.0
3,41,-214.5,0.0,0.0,-429.0,-469.0,0.0,0.0
4,41,105.0,-133.79999999999995,0.0,210.0,-219.0,0.0,0.0
5,41,294.0,416.79999999999995,0.0,588.0,798.0,187.0,0.0
6,41,-94.0,200.5999999999999,0.0,-188.0,400.0,141.0,0.0
7,41,76.0,286.0,0.0,152.0,-36.0,333.0,0.0
8,41,-1.5,131.20000000000005,0.0,-3.0,149.0,759.0,0.0
9,41,-42.5,-46.59999999999991,0.0,-85.0,-88.0,464.0,0.0
10,41,129.0,184.5999999999999,0.0,258.0,173.0,134.0,0.0
11,41,432.5,812.1999999999998,1126.0833333333335,865.0,1123.0,1187.0,0.0
12,41,-564.5,-298.0,-7.666666666666515,-1129.0,-264.0,-94.0,57.0
13,41,-199.5,-599.0,-390.0,-399.0,-1528.0,-490.0,-200.0
14,41,-8.0,-530.8000000000002,-391.33333333333326,-16.0,-415.0,-421.0,-176.0
15,41,-209.0,-729.4000000000001,-795.5833333333333,-418.0,-434.0,-1097.0,-165.0
16,41,27.5,-293.0,-713.9166666666667,55.0,-363.0,-1907.0,-320.0
17,41,-67.0,-244.5999999999999,-761.0833333333333,-134.0,-79.0,-912.0,-1042.0
18,41,4.5,-134.79999999999995,-681.6666666666667,9.0,-125.0,-504.0,-845.0
19,41,-16.5,-63.59999999999991,-628.8333333333333,-33.0,-24.0,-521.0,-1030.0
20,41,-59.0,-137.4000000000001,-651.4166666666667,-118.0,-151.0,-221.0,-1145.0
21,41,-47.5,-158.20000000000005,-650.1666666666667,-95.0,-213.0,-371.0,-1155.0
22,41,186.0,186.79999999999995,-191.41666666666674,372.0,277.0,135.0,-1041.0
23,41,211.0,499.20000000000005,354.25,422.0,794.0,548.0,-1484.0
24,41,-193.0,74.20000000000005,30.0,-386.0,36.0,195.0,-741.0
25,41,-194.5,-299.5999999999999,-298.08333333333326,-389.0,-775.0,-76.0,-731.0
26,41,-38.5,-365.0,-309.08333333333326,-77.0,-466.0,-58.0,-792.0
27,41,-61.5,-377.4000000000001,-390.66666666666674,-123.0,-200.0,-553.0,-497.0
28,41,103.0,-17.600000000000023,-155.83333333333326,206.0,83.0,-769.0,-346.0
29,41,-125.5,-141.79999999999995,-368.25,-251.0,-45.0,-634.0,-463.0
30,41,28.5,-47.200000000000045,-276.66666666666663,57.0,-194.0,-188.0,-415.0
31,41,77.5,99.0,-102.75,155.0,212.0,44.0,-227.0
32,41,-103.0,-99.20000000000005,-282.5,-206.0,-51.0,-39.0,-315.0
33,41,28.0,-5.399999999999977,-212.83333333333337,56.0,-150.0,-189.0,-164.0
0,42,0.0,0.0,0.0,0.0,0.0,0.0,0.0
1,42,-13.0,0.0,0.0,-26.0,0.0,0.0,0.0
2,42,494.0,0.0,0.0,988.0,962.0,0.0,0.0
3,42,-487.5,0.0,0.0,-975.0,13.0,0.0,0.0
4,42,-192.0,-502.1999999999998,0.0,-384.0,-1359.0,0.0,0.0
5,42,377.5,181.19999999999982,0.0,755.0,371.0,358.0,0.0
6,42,-274.0,-334.0,0.0,-548.0,207.0,-164.0,0.0
7,42,117.0,83.59999999999991,0.0,234.0,-314.0,-918.0,0.0
8,42,529.0,918.6000000000004,0.0,1058.0,1292.0,1115.0,0.0
9,42,-314.5,115.60000000000036,0.0,-629.0,429.0,870.0,0.0
10,42,28.5,138.19999999999982,0.0,57.0,-572.0,172.0,0.0
11,42,1233.5,1967.8000000000002,2510.333333333333,2467.0,2524.0,3187.0,0.0
12,42,-1497.0,-1018.0,-483.91666666666697,-2994.0,-527.0,-41.0,3.0
13,42,-226.5,-1160.6000000000004,-901.583333333333,-453.0,-3447.0,-1552.0,-424.0
14,42,334.5,-440.8000000000002,-170.66666666666697,669.0,216.0,-254.0,-743.0
15,42,-151.5,-621.0,-467.75,-303.0,366.0,-614.0,-71.0
16,42,-82.5,-136.80000000000018,-645.083333333333,-165.0,-468.0,-3246.0,148.0
17,42,-120.5,-279.1999999999998,-815.416666666667,-241.0,-406.0,-493.0,-848.0
18,42,81.0,-141.5999999999999,-641.916666666667,162.0,-79.0,122.0,-138.0
19,42,53.0,52.59999999999991,-513.75,106.0,268.0,-441.0,-266.0
20,42,-14.5,57.0,-430.0,-29.0,77.0,-167.0,-1353.0
21,42,87.5,197.4000000000001,-209.25,175.0,146.0,173.0,-549.0
22,42,490.5,899.4000000000001,740.5,981.0,1156.0,1395.0,375.0
23,42,1180.0,2540.8,3078.166666666667,2360.0,3341.0,3593.0,268.0
24,42,-1565.5,-661.3999999999996,-63.75,-3131.0,-771.0,356.0,131.0
25,42,-31.0,-788.0,-169.25,-62.0,-3193.0,323.0,522.0
26,42,35.0,-761.6000000000004,-92.83333333333303,70.0,8.0,218.0,-77.0
27,42,257.5,-197.0,360.41666666666697,515.0,585.0,-248.0,741.0
28,42,-152.5,80.60000000000036,5.33333333333303,-305.0,210.0,-2913.0,601.0
29,42,-362.5,-543.0,-729.416666666667,-725.0,-1030.0,-507.0,117.0
30,42,-20.0,-486.0,-762.333333333333,-40.0,-765.0,-485.0,-85.0
31,42,127.0,-171.80000000000018,-513.583333333333,254.0,214.0,-301.0,63.0
32,42,202.5,315.4000000000001,-150.0,405.0,659.0,-411.0,497.0
33,42,127.0,539.8000000000002,56.0,254.0,659.0,148.0,576.0
0,43,0.0,0.0,0.0,0.0,0.0,0.0,0.0
1,43,137.0,0.0,0.0,274.0,0.0,0.0,0.0
2,43,235.5,0.0,0.0,471.0,745.0,0.0,0.0
3,43,-312.0,0.0,0.0,-624.0,-153.0,0.0,0.0
4,43,-128.0,-336.0,0.0,-256.0,-880.0,0.0,0.0
5,43,218.0,39.799999999999955,0.0,436.0,180.0,301.0,0.0
6,43,-214.0,-308.0,0.0,-428.0,8.0,-401.0,0.0
7,43,108.5,40.0,0.0,217.0,-211.0,-655.0,0.0
8,43,459.5,781.4000000000001,0.0,919.0,1136.0,888.0,0.0
9,43,-244.5,161.4000000000001,0.0,-489.0,430.0,655.0,0.0
10,43,26.0,159.19999999999982,0.0,52.0,-437.0,271.0,0.0
11,43,574.5,938.5999999999999,1296.75,1149.0,1201.0,1848.0,0.0
12,43,-927.5,-871.5999999999999,-547.0833333333335,-1855.0,-706.0,-224.0,-134.0
13,43,172.5,-367.0,-196.83333333333348,345.0,-1510.0,-798.0,-63.0
14,43,54.0,-218.80000000000018,-53.333333333333485,108.0,453.0,-201.0,-426.0
15,43,-162.0,-427.4000000000001,-366.8333333333335,-324.0,-216.0,-577.0,-126.0
16,43,-5.0,-90.20000000000005,-386.8333333333335,-10.0,-334.0,-1736.0,120.0
17,43,-82.0,-245.20000000000005,-510.8333333333335,-164.0,-174.0,-45.0,-480.0
18,43,-110.0,-343.20000000000005,-708.1666666666665,-220.0,-384.0,-610.0,-272.0
19,43,47.0,-124.40000000000009,-581.25,94.0,-126.0,-624.0,-395.0
20,43,209.5,270.79999999999995,-87.66666666666674,419.0,513.0,119.0,-895.0
21,43,-20.0,213.0,-90.5,-40.0,379.0,89.0,-446.0
22,43,413.0,823.2,708.1666666666667,826.0,786.0,1079.0,328.0
23,43,240.0,947.4000000000001,1216.5833333333333,480.0,1306.0,1779.0,-341.0
24,43,-899.5,-828.8000000000002,-558.6666666666667,-1799.0,-1319.0,-114.0,-285.0
0,44,0.0,0.0,0.0,0.0,0.0,0.0,0.0
1,44,57.5,0.0,0.0,115.0,0.0,0.0,0.0
2,44,154.0,0.0,0.0,308.0,423.0,0.0,0.0
3,44,-251.5,0.0,0.0,-503.0,-195.0,0.0,0.0
4,44,-124.5,-354.79999999999995,0.0,-249.0,-752.0,0.0,0.0
5,44,143.5,-59.40000000000009,0.0,287.0,38.0,-42.0,0.0
6,44,-89.5,-171.20000000000005,0.0,-179.0,108.0,-336.0,0.0
7,44,61.5,56.0,0.0,123.0,-56.0,-521.0,0.0
8,44,119.5,250.79999999999995,0.0,239.0,362.0,221.0,0.0
9,44,-85.5,20.0,0.0,-171.0,68.0,299.0,0.0
10,44,66.5,124.0,0.0,133.0,-38.0,145.0,0.0
11,44,222.5,415.20000000000005,503.83333333333326,445.0,578.0,769.0,0.0
12,44,-360.0,-290.0,-201.83333333333326,-720.0,-275.0,-74.0,-172.0
13,44,28.5,-181.79999999999995,-125.66666666666674,57.0,-663.0,-256.0,-230.0
14,44,97.5,-8.799999999999955,97.91666666666674,195.0,252.0,110.0,-343.0
15,44,-182.5,-296.20000000000005,-250.0,-365.0,-170.0,-388.0,-205.0
16,44,-144.0,-360.0,-517.6666666666667,-288.0,-653.0,-1121.0,-244.0
17,44,24.5,-240.5999999999999,-428.5,49.0,-239.0,-352.0,-482.0
18,44,-64.5,-262.0,-521.5,-129.0,-80.0,-538.0,-432.0
19,44,13.5,-93.79999999999995,-450.5,27.0,-102.0,-706.0,-528.0
20,44,-21.5,-60.0,-426.0,-43.0,-16.0,-384.0,-810.0
21,44,59.0,53.59999999999991,-264.58333333333326,118.0,75.0,22.0,-521.0
22,44,21.0,92.59999999999991,-171.58333333333326,42.0,160.0,15.0,-612.0
23,44,224.5,423.0,328.08333333333326,449.0,491.0,593.0,-608.0
24,44,-358.0,-263.0,-337.58333333333326,-716.0,-267.0,-150.0,-604.0
25,44,-7.5,-253.5999999999999,-296.25,-15.0,-731.0,-122.0,-676.0
26,44,-2.0,-208.79999999999995,-227.33333333333326,-4.0,-19.0,-244.0,-875.0
27,44,-13.0,-172.4000000000001,-208.66666666666674,-26.0,-30.0,-312.0,-536.0
28,44,-33.5,-73.79999999999995,-249.41666666666674,-67.0,-93.0,-828.0,-315.0
29,44,-100.5,-212.20000000000005,-403.33333333333337,-201.0,-268.0,-313.0,-565.0
30,44,29.5,-105.39999999999998,-312.91666666666663,59.0,-142.0,-239.0,-377.0
31,44,45.5,14.399999999999977,-195.83333333333337,91.0,150.0,-144.0,-313.0
32,44,-5.0,30.0,-182.5,-10.0,81.0,-128.0,-280.0
33,44,10.0,58.200000000000045,-131.0,20.0,10.0,-41.0,-378.0
0,45,0.0,0.0,0.0,0.0,0.0,0.0,0.0
1,45,-52.0,0.0,0.0,-104.0,0.0,0.0,0.0
2,45,176.5,0.0,0.0,353.0,249.0,0.0,0.0
3,45,-315.0,0.0,0.0,-630.0,-277.0,0.0,0.0
4,45,40.0,-193.5999999999999,0.0,80.0,-550.0,0.0,0.0
5,45,226.0,228.20000000000005,0.0,452.0,532.0,151.0,0.0
6,45,-139.0,-45.200000000000045,0.0,-278.0,174.0,-23.0,0.0
7,45,71.0,143.5999999999999,0.0,142.0,-136.0,-234.0,0.0
8,45,38.0,125.20000000000005,0.0,76.0,218.0,472.0,0.0
9,45,-66.0,-58.799999999999955,0.0,-132.0,-56.0,260.0,0.0
10,45,16.0,5.2000000000000455,0.0,32.0,-100.0,-160.0,0.0
11,45,233.0,354.4000000000001,457.0,466.0,498.0,584.0,0.0
12,45,-362.0,-313.20000000000005,-244.75,-724.0,-258.0,-282.0,-267.0
13,45,-44.0,-312.0,-311.83333333333326,-88.0,-812.0,-446.0,-251.0
14,45,61.0,-151.5999999999999,-149.66666666666674,122.0,34.0,-192.0,-482.0
15,45,-193.0,-415.5999999999999,-515.8333333333333,-386.0,-264.0,-610.0,-238.0
16,45,79.5,-73.20000000000005,-343.58333333333326,159.0,-227.0,-917.0,-159.0
17,45,65.5,70.20000000000005,-172.58333333333326,131.0,290.0,-62.0,-480.0
18,45,-22.0,29.799999999999955,-196.08333333333326,-44.0,87.0,-18.0,-246.0
19,45,-3.0,53.0,-169.25,-6.0,-50.0,-146.0,-394.0
20,45,-131.5,-205.4000000000001,-371.16666666666674,-263.0,-269.0,-23.0,-733.0
21,45,-29.5,-216.20000000000005,-375.16666666666674,-59.0,-322.0,-241.0,-660.0
22,45,159.0,112.59999999999991,-26.0,318.0,259.0,-54.0,-374.0
23,45,150.0,354.5999999999999,319.0,300.0,618.0,290.0,-540.0
24,45,-285.5,-161.4000000000001,-219.75,-571.0,-271.0,-275.0,-387.0
25,45,-92.0,-306.20000000000005,-363.5,-184.0,-755.0,-196.0,-483.0
26,45,-28.0,-323.5999999999999,-364.41666666666674,-56.0,-240.0,-193.0,-661.0
27,45,61.0,-123.79999999999995,-229.66666666666674,122.0,66.0,-389.0,-153.0
28,45,-50.0,-66.0,-295.33333333333326,-100.0,22.0,-789.0,-412.0
29,45,-70.0,-134.39999999999998,-378.41666666666663,-140.0,-240.0,-358.0,-683.0
30,45,26.5,-57.200000000000045,-276.58333333333337,53.0,-87.0,-121.0,-586.0
31,45,17.5,-16.200000000000045,-196.16666666666663,35.0,88.0,-30.0,-545.0
32,45,-28.0,-30.600000000000023,-224.0,-56.0,-21.0,-208.0,-338.0
33,45,24.0,29.399999999999977,-156.75,48.0,-8.0,-60.0,-231.0
0,46,0.0,0.0,0.0,0.0,0.0,0.0,0.0
1,46,-351.5,0.0,0.0,-703.0,0.0,0.0,0.0
2,46,221.5,0.0,0.0,443.0,-260.0,0.0,0.0
3,46,-471.5,0.0,0.0,-943.0,-500.0,0.0,0.0
4,46,181.0,-239.5999999999999,0.0,362.0,-581.0,0.0,0.0
5,46,171.5,203.0,0.0,343.0,705.0,-498.0,0.0
6,46,50.5,242.80000000000018,0.0,101.0,444.0,306.0,0.0
7,46,174.5,549.4000000000001,0.0,349.0,450.0,212.0,0.0
8,46,-176.0,36.80000000000018,0.0,-352.0,-3.0,803.0,0.0
9,46,-84.5,-186.5999999999999,0.0,-169.0,-521.0,272.0,0.0
10,46,129.0,34.0,0.0,258.0,89.0,187.0,0.0
11,46,521.0,850.4000000000001,1105.9166666666665,1042.0,1300.0,1128.0,0.0
12,46,-633.5,-319.0,-116.41666666666652,-1267.0,-225.0,-488.0,-536.0
13,46,-230.0,-659.8000000000002,-552.0,-460.0,-1727.0,-596.0,-293.0
14,46,14.5,-551.1999999999998,-464.0833333333335,29.0,-431.0,-398.0,-707.0
15,46,-230.0,-788.0,-905.4166666666665,-460.0,-431.0,-1116.0,-224.0
16,46,7.0,-345.1999999999998,-843.75,14.0,-446.0,-2144.0,-572.0
17,46,179.0,116.59999999999991,-439.3333333333335,358.0,372.0,-519.0,-557.0
18,46,-211.0,-209.19999999999982,-771.3333333333335,-422.0,-64.0,-481.0,-1080.0
19,46,273.0,329.5999999999999,-151.75,546.0,124.0,36.0,-883.0
20,46,-262.0,-188.80000000000018,-587.8333333333335,-524.0,22.0,-28.0,-1055.0
21,46,-33.0,-233.19999999999982,-574.5,-66.0,-590.0,-108.0,-952.0
22,46,245.0,252.0,-24.5,490.0,424.0,24.0,-720.0
23,46,447.0,878.0,941.8333333333335,894.0,1384.0,1340.0,-868.0
24,46,-563.0,-181.5999999999999,-123.58333333333348,-1126.0,-232.0,-332.0,-727.0
25,46,-236.5,-598.4000000000001,-534.9166666666665,-473.0,-1599.0,-281.0,-740.0
26,46,-24.0,-593.8000000000002,-514.8333333333335,-48.0,-521.0,-263.0,-817.0
27,46,-76.0,-564.8,-624.4166666666665,-152.0,-200.0,-905.0,-509.0
28,46,18.5,-175.4000000000001,-546.9166666666667,37.0,-115.0,-1762.0,-486.0
29,46,36.5,10.200000000000045,-409.66666666666674,73.0,110.0,-563.0,-771.0
30,46,52.5,112.20000000000005,-284.33333333333326,105.0,178.0,15.0,-244.0
31,46,14.0,122.0,-192.83333333333326,28.0,133.0,91.0,-762.0
32,46,-156.5,-177.0,-459.91666666666674,-313.0,-285.0,-70.0,-551.0
33,46,-18.5,-185.20000000000005,-453.41666666666674,-37.0,-350.0,-144.0,-522.0
0,47,0.0,0.0,0.0,0.0,0.0,0.0,0.0
1,47,-145.5,0.0,0.0,-291.0,0.0,0.0,0.0
2,47,76.5,0.0,0.0,153.0,-138.0,0.0,0.0
3,47,-218.5,0.0,0.0,-437.0,-284.0,0.0,0.0
4,47,92.0,-112.0,0.0,184.0,-253.0,0.0,0.0
5,47,-35.0,-89.79999999999995,0.0,-70.0,114.0,-461.0,0.0
6,47,-162.5,-315.79999999999995,0.0,-325.0,-395.0,-495.0,0.0
7,47,140.5,38.59999999999991,0.0,281.0,-44.0,-367.0,0.0
8,47,66.0,130.20000000000005,0.0,132.0,413.0,202.0,0.0
9,47,-47.5,50.59999999999991,0.0,-95.0,37.0,-77.0,0.0
10,47,222.5,408.0,0.0,445.0,350.0,438.0,0.0
11,47,472.5,1011.4000000000001,1179.4166666666667,945.0,1390.0,1708.0,0.0
12,47,-442.0,18.800000000000182,292.25,-884.0,61.0,543.0,38.0
13,47,-118.0,-252.19999999999982,48.5,-236.0,-1120.0,175.0,93.0
14,47,104.0,-139.80000000000018,244.16666666666674,208.0,-28.0,478.0,148.0
15,47,-304.0,-632.8000000000002,-361.91666666666674,-608.0,-400.0,-575.0,-23.0
16,47,174.0,-50.40000000000009,-25.666666666666742,348.0,-260.0,-1172.0,141.0
17,47,-38.5,-54.40000000000009,-113.83333333333326,-77.0,271.0,-365.0,134.0
18,47,9.5,-13.400000000000091,-134.66666666666674,19.0,-58.0,-110.0,478.0
19,47,151.0,291.79999999999995,125.75,302.0,321.0,-16.0,499.0
20,47,-6.0,163.79999999999995,84.16666666666674,-12.0,290.0,580.0,355.0
21,47,10.0,133.4000000000001,65.0,20.0,8.0,252.0,470.0
22,47,288.5,529.1999999999998,591.8333333333335,577.0,597.0,906.0,602.0
23,47,492.5,1139.8000000000002,1523.3333333333335,985.0,1562.0,1872.0,642.0
24,47,-634.5,-189.4000000000001,232.91666666666652,-1269.0,-284.0,301.0,257.0
25,47,-139.5,-475.1999999999998,-63.916666666666515,-279.0,-1548.0,34.0,214.0
26,47,-15.5,-502.8000000000002,-92.83333333333348,-31.0,-310.0,-17.0,-25.0
27,47,-143.5,-613.5999999999999,-404.5,-287.0,-318.0,-881.0,296.0
28,47,33.0,-187.5999999999999,-339.6666666666665,66.0,-221.0,-1800.0,14.0
29,47,-69.5,-192.5999999999999,-474.6666666666665,-139.0,-73.0,-670.0,-48.0
30,47,-20.0,-146.4000000000001,-505.75,-40.0,-179.0,-431.0,-107.0
31,47,151.5,176.0,-193.91666666666652,303.0,263.0,-97.0,-106.0
32,47,-38.5,76.40000000000009,-256.6666666666665,-77.0,226.0,113.0,-171.0
33,47,-75.0,-53.0,-378.25,-150.0,-227.0,-103.0,-341.0
0,50,0.0,0.0,0.0,0.0,0.0,0.0,0.0
1,50,-176.0,0.0,0.0,-352.0,0.0,0.0,0.0
2,50,278.0,0.0,0.0,556.0,204.0,0.0,0.0
3,50,-435.0,0.0,0.0,-870.0,-314.0,0.0,0.0
4,50,49.5,-290.8000000000002,0.0,99.0,-771.0,0.0,0.0
5,50,461.0,560.1999999999998,0.0,922.0,1021.0,355.0,0.0
6,50,-263.0,-2.0,0.0,-526.0,396.0,181.0,0.0
7,50,241.5,459.4000000000001,0.0,483.0,-43.0,108.0,0.0
8,50,-31.5,213.4000000000001,0.0,-63.0,420.0,915.0,0.0
9,50,-65.0,-53.80000000000018,0.0,-130.0,-193.0,686.0,0.0
10,50,14.5,16.59999999999991,0.0,29.0,-101.0,-207.0,0.0
11,50,604.0,919.1999999999998,1273.75,1208.0,1237.0,1527.0,0.0
12,50,-880.0,-697.5999999999999,-452.5833333333335,-1760.0,-552.0,-716.0,-404.0
13,50,-55.5,-655.8000000000002,-550.0,-111.0,-1871.0,-764.0,-163.0
14,50,21.5,-494.5999999999999,-450.6666666666665,43.0,-68.0,-591.0,-676.0
15,50,-395.5,-1003.4000000000001,-1191.9166666666665,-791.0,-748.0,-1411.0,-597.0
16,50,-128.5,-685.1999999999998,-1369.5,-257.0,-1048.0,-2876.0,-953.0
17,50,-82.0,-593.1999999999998,-1363.5833333333335,-164.0,-421.0,-1280.0,-2039.0
18,50,-60.0,-455.4000000000001,-1347.5,-120.0,-284.0,-1289.0,-1633.0
19,50,0.5,-188.20000000000005,-1170.25,1.0,-119.0,-1331.0,-2115.0
20,50,-110.5,-257.0,-1201.8333333333335,-221.0,-220.0,-761.0,-2273.0
21,50,-41.5,-222.5999999999999,-1099.3333333333335,-83.0,-304.0,-587.0,-2226.0
22,50,37.5,-78.0,-842.6666666666665,75.0,-8.0,-348.0,-2180.0
23,50,383.5,581.2,142.75,767.0,842.0,539.0,-2621.0
24,50,-352.0,-89.59999999999991,-430.83333333333326,-704.0,63.0,-166.0,-1565.0
25,50,-192.5,-408.5999999999999,-662.5833333333333,-385.0,-1089.0,-330.0,-1839.0
26,50,-35.5,-416.0,-570.8333333333333,-71.0,-456.0,-318.0,-1953.0
27,50,-43.0,-406.20000000000005,-552.8333333333333,-86.0,-157.0,-479.0,-1248.0
28,50,89.0,-14.599999999999909,-307.08333333333326,178.0,92.0,-1068.0,-813.0
29,50,-86.5,-80.20000000000005,-411.58333333333326,-173.0,5.0,-537.0,-822.0
30,50,113.0,131.0,-145.91666666666674,226.0,53.0,74.0,-476.0
31,50,-22.5,66.0,-147.41666666666674,-45.0,181.0,100.0,-522.0
32,50,-87.5,-111.20000000000005,-282.75,-175.0,-220.0,11.0,-476.0
33,50,21.5,-43.39999999999998,-210.58333333333326,43.0,-132.0,-124.0,-350.0
0,51,0.0,0.0,0.0,0.0,0.0,0.0,0.0
1,51,-232.0,0.0,0.0,-464.0,0.0,0.0,0.0
2,51,160.5,0.0,0.0,321.0,-143.0,0.0,0.0
3,51,-330.0,0.0,0.0,-660.0,-339.0,0.0,0.0
4,51,149.0,-122.0,0.0,298.0,-362.0,0.0,0.0
5,51,-21.5,-55.40000000000009,0.0,-43.0,255.0,-548.0,0.0
6,51,36.5,19.800000000000182,0.0,73.0,30.0,-11.0,0.0
7,51,-65.5,-18.59999999999991,0.0,-131.0,-58.0,-463.0,0.0
8,51,-119.5,-249.19999999999982,0.0,-239.0,-370.0,-42.0,0.0
9,51,-47.0,-256.4000000000001,0.0,-94.0,-333.0,-434.0,0.0
10,51,-13.0,-199.0,0.0,-26.0,-120.0,-417.0,0.0
11,51,229.5,266.20000000000005,60.583333333333485,459.0,433.0,-31.0,0.0
12,51,-309.5,-249.0,-464.6666666666665,-619.0,-160.0,-519.0,-1125.0
13,51,-121.5,-387.4000000000001,-632.3333333333333,-243.0,-862.0,-523.0,-904.0
14,51,101.0,-140.0,-345.08333333333326,202.0,-41.0,-227.0,-1023.0
15,51,-75.0,-219.79999999999995,-452.33333333333326,-150.0,52.0,-351.0,-513.0
16,51,-103.0,-222.5999999999999,-573.5833333333333,-206.0,-356.0,-1016.0,-1017.0
17,51,13.0,-122.40000000000009,-468.58333333333326,26.0,-180.0,-371.0,-948.0
18,51,45.0,-24.799999999999955,-301.0,90.0,116.0,-38.0,-931.0
19,51,14.5,46.40000000000009,-207.75,29.0,119.0,-211.0,-771.0
20,51,-132.5,-153.4000000000001,-406.33333333333326,-265.0,-236.0,-326.0,-797.0
21,51,24.0,-91.0,-303.75,48.0,-217.0,-72.0,-655.0
22,51,-32.0,-122.59999999999991,-310.0,-64.0,-16.0,-162.0,-693.0
23,51,281.0,377.4000000000001,301.16666666666674,562.0,498.0,310.0,-590.0
24,51,-338.0,-219.5999999999999,-320.91666666666674,-676.0,-114.0,-395.0,-647.0
25,51,-158.0,-446.4000000000001,-576.9166666666667,-316.0,-992.0,-446.0,-720.0
26,51,-57.5,-439.6,-605.5,-115.0,-431.0,-609.0,-1037.0
27,51,-25.5,-371.4,-578.3333333333333,-51.0,-166.0,-596.0,-938.0
28,51,132.0,71.39999999999998,-275.33333333333326,264.0,213.0,-894.0,-468.0
29,51,-49.5,35.799999999999955,-324.91666666666663,-99.0,165.0,-317.0,-593.0
30,51,44.5,107.20000000000005,-186.41666666666663,89.0,-10.0,88.0,-594.0
31,51,84.0,201.0,19.5,168.0,257.0,371.0,-455.0
32,51,-146.0,-117.0,-232.33333333333337,-292.0,-124.0,130.0,-482.0
0,52,0.0,0.0,0.0,0.0,0.0,0.0,0.0
1,52,-37.5,0.0,0.0,-75.0,0.0,0.0,0.0
2,52,148.5,0.0,0.0,297.0,222.0,0.0,0.0
3,52,-294.0,0.0,0.0,-588.0,-291.0,0.0,0.0
4,52,18.0,-220.20000000000005,0.0,36.0,-552.0,0.0,0.0
5,52,166.5,112.20000000000005,0.0,333.0,369.0,3.0,0.0
6,52,-99.5,-62.59999999999991,0.0,-199.0,134.0,-121.0,0.0
7,52,78.0,145.79999999999995,0.0,156.0,-43.0,-262.0,0.0
8,52,176.5,363.0,0.0,353.0,509.0,679.0,0.0
9,52,-80.0,106.40000000000009,0.0,-160.0,193.0,483.0,0.0
10,52,-34.0,22.0,0.0,-68.0,-228.0,82.0,0.0
11,52,243.5,355.4000000000001,543.5833333333333,487.0,419.0,768.0,0.0
12,52,-379.5,-374.20000000000005,-199.83333333333326,-759.0,-272.0,-147.0,-187.0
13,52,-51.0,-355.79999999999995,-284.0,-102.0,-861.0,-602.0,-214.0
14,52,109.0,-93.0,-41.58333333333326,218.0,116.0,-224.0,-293.0
15,52,-246.0,-455.4000000000001,-517.1666666666667,-492.0,-274.0,-648.0,-197.0
16,52,44.5,-157.20000000000005,-416.16666666666674,89.0,-403.0,-1046.0,-144.0
17,52,-82.0,-231.0,-526.75,-164.0,-75.0,-451.0,-641.0
18,52,40.5,-96.40000000000009,-415.66666666666674,81.0,-83.0,-268.0,-361.0
19,52,114.0,183.20000000000005,-163.58333333333326,228.0,309.0,-258.0,-289.0
20,52,-90.0,-7.599999999999909,-275.08333333333326,-180.0,48.0,54.0,-822.0
21,52,-42.0,-67.79999999999995,-296.91666666666674,-84.0,-264.0,-119.0,-746.0
22,52,91.0,68.79999999999995,-73.58333333333326,182.0,98.0,227.0,-496.0
23,52,421.0,713.2,780.1666666666667,842.0,1024.0,988.0,-141.0
24,52,-498.0,-235.5999999999999,-184.33333333333326,-996.0,-154.0,-236.0,-378.0
25,52,-65.0,-328.4000000000001,-280.5,-130.0,-1126.0,-186.0,-406.0
26,52,32.5,-256.0,-168.91666666666674,65.0,-65.0,-37.0,-559.0
27,52,-15.0,-236.20000000000005,-190.83333333333326,-30.0,35.0,-249.0,-97.0
28,52,-129.0,-224.4000000000001,-411.83333333333326,-258.0,-288.0,-1349.0,-444.0
29,52,-37.0,-213.0,-456.33333333333326,-74.0,-332.0,-427.0,-354.0
30,52,4.0,-147.20000000000005,-412.75,8.0,-66.0,-289.0,-427.0
31,52,52.0,6.7999999999999545,-262.83333333333326,104.0,112.0,-250.0,-551.0
32,52,77.0,174.0,-90.75,154.0,258.0,-66.0,-217.0
33,52,-119.5,-55.60000000000002,-298.75,-239.0,-85.0,-47.0,-372.0
0,53,0.0,0.0,0.0,0.0,0.0,0.0,0.0
1,53,-74.5,0.0,0.0,-149.0,0.0,0.0,0.0
2,53,229.5,0.0,0.0,459.0,310.0,0.0,0.0
3,53,-425.0,0.0,0.0,-850.0,-391.0,0.0,0.0
4,53,126.0,-154.5999999999999,0.0,252.0,-598.0,0.0,0.0
5,53,179.0,189.4000000000001,0.0,358.0,610.0,70.0,0.0
6,53,-75.0,25.59999999999991,0.0,-150.0,208.0,69.0,0.0
7,53,196.0,417.20000000000005,0.0,392.0,242.0,2.0,0.0
8,53,36.5,305.1999999999998,0.0,73.0,465.0,925.0,0.0
9,53,-97.5,14.599999999999909,0.0,-195.0,-122.0,478.0,0.0
10,53,-26.5,-51.80000000000018,0.0,-53.0,-248.0,67.0,0.0
11,53,418.0,573.5999999999999,863.0,836.0,783.0,1053.0,0.0
12,53,-442.0,-265.8000000000002,-28.416666666666515,-884.0,-48.0,-223.0,89.0
13,53,-139.0,-429.0,-303.0833333333335,-278.0,-1162.0,-574.0,-40.0
14,53,96.5,-198.80000000000018,-84.58333333333348,193.0,-85.0,-186.0,-306.0
15,53,-209.0,-506.5999999999999,-513.0833333333335,-418.0,-225.0,-551.0,126.0
16,53,45.0,-157.20000000000005,-420.0833333333335,90.0,-328.0,-1297.0,-36.0
17,53,42.0,-7.400000000000091,-310.25,84.0,174.0,-329.0,-310.0
18,53,12.0,22.0,-274.9166666666665,24.0,108.0,-27.0,-136.0
19,53,-3.0,61.200000000000045,-236.41666666666652,-6.0,18.0,-226.0,-534.0
20,53,-42.0,-44.40000000000009,-262.83333333333326,-84.0,-90.0,108.0,-691.0
21,53,-29.0,-94.40000000000009,-274.66666666666674,-58.0,-142.0,-40.0,-554.0
22,53,84.5,65.59999999999991,-78.0,169.0,111.0,45.0,-332.0
23,53,325.5,582.2,616.0833333333333,651.0,820.0,672.0,-517.0
24,53,-382.0,-164.5999999999999,-114.83333333333326,-764.0,-113.0,-86.0,-397.0
25,53,-202.5,-488.20000000000005,-476.16666666666674,-405.0,-1169.0,-407.0,-524.0
26,53,18.0,-389.5999999999999,-383.41666666666674,36.0,-369.0,-313.0,-681.0
27,53,-28.0,-338.0,-412.83333333333326,-56.0,-20.0,-538.0,-319.0
28,53,-58.0,-193.0,-485.08333333333326,-116.0,-172.0,-1305.0,-525.0
29,53,-64.0,-187.20000000000005,-551.6666666666667,-128.0,-244.0,-669.0,-737.0
30,53,89.5,8.799999999999955,-324.16666666666674,179.0,51.0,-85.0,-582.0
31,53,30.5,81.79999999999995,-220.25,61.0,240.0,-60.0,-515.0
32,53,-44.5,11.400000000000091,-265.91666666666674,-89.0,-28.0,-93.0,-520.0
33,53,-84.0,-127.59999999999991,-381.41666666666674,-168.0,-257.0,-145.0,-630.0
0,54,0.0,0.0,0.0,0.0,0.0,0.0,0.0
1,54,-655.5,0.0,0.0,-1311.0,0.0,0.0,0.0
2,54,706.5,0.0,0.0,1413.0,102.0,0.0,0.0
3,54,-1381.0,0.0,0.0,-2762.0,-1349.0,0.0,0.0
4,54,140.0,-1130.1999999999998,0.0,280.0,-2482.0,0.0,0.0
5,54,547.5,221.80000000000018,0.0,1095.0,1375.0,-1285.0,0.0
6,54,-438.0,-484.1999999999998,0.0,-876.0,219.0,-850.0,0.0
7,54,283.5,422.0,0.0,567.0,-309.0,-1696.0,0.0
8,54,17.5,236.80000000000018,0.0,35.0,602.0,1101.0,0.0
9,54,-575.5,-848.1999999999998,0.0,-1151.0,-1116.0,-330.0,0.0
10,54,651.0,478.39999999999964,0.0,1302.0,151.0,-123.0,0.0
11,54,1038.5,1989.3999999999996,2027.083333333333,2077.0,3379.0,2830.0,0.0
12,54,-928.5,51.19999999999982,269.08333333333303,-1857.0,220.0,406.0,-1188.0
13,54,-936.5,-1521.3999999999996,-1458.083333333333,-1873.0,-3730.0,-1502.0,-1750.0
14,54,275.5,-1010.3999999999996,-689.416666666667,551.0,-1322.0,200.0,-2612.0
15,54,-650.5,-1830.8000000000002,-1894.5,-1301.0,-750.0,-2403.0,-1151.0
16,54,9.0,-920.3999999999996,-1758.75,18.0,-1283.0,-4462.0,-1413.0
17,54,220.0,-47.399999999999636,-1146.416666666667,440.0,458.0,-2165.0,-2068.0
18,54,-422.5,-665.0,-1821.666666666667,-845.0,-405.0,-1137.0,-2037.0
19,54,501.0,474.1999999999998,-686.166666666667,1002.0,157.0,-686.0,-1602.0
20,54,-578.0,-573.6000000000004,-1609.416666666667,-1156.0,-154.0,-541.0,-2793.0
21,54,-139.0,-684.1999999999998,-1727.416666666667,-278.0,-1434.0,-837.0,-1920.0
22,54,816.5,877.6000000000004,38.0,1633.0,1355.0,356.0,-1589.0
23,54,644.0,1667.8000000000002,1524.166666666667,1288.0,2921.0,2489.0,-2378.0
24,54,-817.0,63.19999999999982,69.75,-1634.0,-346.0,-147.0,-2155.0
25,54,-911.0,-1596.1999999999998,-1576.916666666667,-1822.0,-3456.0,-813.0,-2104.0
26,54,202.0,-1166.0,-985.333333333333,404.0,-1418.0,-131.0,-2251.0
27,54,-1946.5,-3927.6000000000004,-4474.75,-3893.0,-3489.0,-5657.0,-4843.0
0,56,0.0,0.0,0.0,0.0,0.0,0.0,0.0
1,56,-291.5,0.0,0.0,-583.0,0.0,0.0,0.0
2,56,222.0,0.0,0.0,444.0,-139.0,0.0,0.0
3,56,-473.0,0.0,0.0,-946.0,-502.0,0.0,0.0
4,56,-6.5,-517.0,0.0,-13.0,-959.0,0.0,0.0
5,56,482.5,474.5999999999999,0.0,965.0,952.0,-133.0,0.0
6,56,94.5,535.8000000000002,0.0,189.0,1154.0,639.0,0.0
7,56,8.5,510.4000000000001,0.0,17.0,206.0,212.0,0.0
8,56,-241.0,-106.80000000000018,0.0,-482.0,-465.0,676.0,0.0
9,56,-227.0,-607.8000000000002,0.0,-454.0,-936.0,235.0,0.0
10,56,231.0,-92.19999999999982,0.0,462.0,8.0,-268.0,0.0
11,56,355.0,567.1999999999998,665.0833333333335,710.0,1172.0,253.0,0.0
12,56,-282.0,68.80000000000018,122.33333333333348,-564.0,146.0,-328.0,-255.0
13,56,-318.0,-470.8000000000002,-488.0,-636.0,-1200.0,-482.0,-308.0
14,56,-33.5,-518.8000000000002,-486.75,-67.0,-703.0,-95.0,-819.0
15,56,-312.5,-907.4000000000001,-1070.25,-625.0,-692.0,-1182.0,-498.0
16,56,168.0,-260.1999999999998,-721.8333333333335,336.0,-289.0,-1556.0,-149.0
17,56,296.0,411.8000000000002,-86.33333333333348,592.0,928.0,-400.0,-522.0
18,56,-111.0,187.0,-230.58333333333348,-222.0,370.0,14.0,-933.0
19,56,325.5,691.5999999999999,445.3333333333335,651.0,429.0,732.0,-299.0
20,56,-566.5,-486.1999999999998,-608.5,-1133.0,-482.0,224.0,-950.0
21,56,1.0,-462.1999999999998,-565.3333333333335,2.0,-1131.0,-110.0,-494.0
22,56,296.0,151.80000000000018,57.0,592.0,594.0,-110.0,-364.0
23,56,190.0,433.4000000000001,494.8333333333335,380.0,972.0,492.0,-694.0
24,56,-204.5,138.0,130.75,-409.0,-29.0,-568.0,-539.0
25,56,-376.5,-577.4000000000001,-567.5833333333335,-753.0,-1162.0,-188.0,-656.0
26,56,-149.0,-777.8000000000002,-791.6666666666665,-298.0,-1051.0,-488.0,-887.0
27,56,-78.0,-686.5999999999999,-912.8333333333335,-156.0,-454.0,-1236.0,-418.0
28,56,39.0,-301.0,-778.5,78.0,-78.0,-1538.0,-676.0
29,56,125.5,125.59999999999991,-442.75,251.0,329.0,-878.0,-1017.0
30,56,-37.5,90.59999999999991,-445.25,-75.0,176.0,-200.0,-870.0
31,56,56.5,161.4000000000001,-214.91666666666674,113.0,38.0,211.0,-1408.0
32,56,-205.0,-240.0,-567.8333333333333,-410.0,-297.0,-43.0,-685.0
33,56,34.5,-160.5999999999999,-447.33333333333326,69.0,-341.0,-52.0,-618.0
0,59,0.0,0.0,0.0,0.0,0.0,0.0,0.0
1,59,-60.0,0.0,0.0,-120.0,0.0,0.0,0.0
2,59,65.5,0.0,0.0,131.0,11.0,0.0,0.0
3,59,-320.0,0.0,0.0,-640.0,-509.0,0.0,0.0
4,59,-7.0,-366.79999999999995,0.0,-14.0,-654.0,0.0,0.0
5,59,166.5,28.200000000000045,0.0,333.0,319.0,-310.0,0.0
6,59,20.0,98.20000000000005,0.0,40.0,373.0,-150.0,0.0
7,59,150.5,395.20000000000005,0.0,301.0,341.0,20.0,0.0
8,59,-20.0,231.20000000000005,0.0,-40.0,261.0,620.0,0.0
9,59,-128.5,-101.20000000000005,0.0,-257.0,-297.0,377.0,0.0
10,59,101.0,51.59999999999991,0.0,202.0,-55.0,246.0,0.0
11,59,218.5,360.0,531.0,437.0,639.0,643.0,0.0
12,59,-449.5,-427.5999999999999,-324.16666666666674,-899.0,-462.0,-557.0,-526.0
13,59,-35.5,-381.0,-355.41666666666674,-71.0,-970.0,-588.0,-477.0
14,59,23.5,-277.20000000000005,-261.66666666666674,47.0,-24.0,-284.0,-561.0
15,59,-119.5,-371.20000000000005,-487.33333333333326,-239.0,-192.0,-725.0,-160.0
16,59,-22.0,-174.0,-515.5,-44.0,-283.0,-1206.0,-190.0
17,59,-13.5,-134.20000000000005,-496.66666666666674,-27.0,-71.0,-334.0,-550.0
18,59,-37.5,-141.5999999999999,-516.25,-75.0,-102.0,-338.0,-665.0
19,59,81.0,65.0,-287.25,162.0,87.0,-223.0,-804.0
20,59,-41.5,-4.599999999999909,-299.66666666666674,-83.0,79.0,-67.0,-847.0
21,59,25.0,40.0,-204.66666666666674,50.0,-33.0,27.0,-540.0
22,59,199.5,348.4000000000001,222.91666666666674,399.0,449.0,453.0,-343.0
23,59,164.5,506.0,589.5,329.0,728.0,857.0,-451.0
24,59,-323.0,-149.79999999999995,-40.0,-646.0,-317.0,49.0,-198.0
25,59,-43.5,-245.79999999999995,-109.16666666666674,-87.0,-733.0,45.0,-214.0
26,59,-3.5,-250.4000000000001,-93.83333333333326,-7.0,-94.0,-12.0,-268.0
27,59,-72.5,-284.20000000000005,-224.33333333333326,-145.0,-152.0,-556.0,-174.0
28,59,-69.0,-217.5999999999999,-340.0,-138.0,-283.0,-1023.0,-268.0
29,59,-1.5,-144.5999999999999,-322.66666666666674,-3.0,-141.0,-380.0,-244.0
30,59,39.5,-22.799999999999955,-236.16666666666674,79.0,76.0,-214.0,-90.0
31,59,111.0,196.20000000000005,-11.666666666666742,222.0,301.0,15.0,-30.0
32,59,-150.0,-75.79999999999995,-291.08333333333326,-300.0,-78.0,-140.0,-247.0
33,59,-62.0,-174.60000000000002,-380.0,-124.0,-424.0,-126.0,-421.0
1,5,0.0,0.0,0.0,0.0,0.0,0.0,0.0
2,5,239.0,0.0,0.0,478.0,0.0,0.0,0.0
3,5,-173.5,0.0,0.0,-347.0,131.0,0.0,0.0
4,5,51.0,0.0,0.0,102.0,-245.0,0.0,0.0
5,5,141.5,244.4000000000001,0.0,283.0,385.0,0.0,0.0
6,5,-64.0,38.799999999999955,0.0,-128.0,155.0,388.0,0.0
7,5,122.5,252.79999999999995,0.0,245.0,117.0,155.0,0.0
8,5,-106.0,-17.200000000000045,0.0,-212.0,33.0,290.0,0.0
9,5,-15.5,-79.59999999999991,0.0,-31.0,-243.0,157.0,0.0
10,5,61.5,44.0,0.0,123.0,92.0,-3.0,0.0
11,5,416.5,685.4000000000001,0.0,833.0,956.0,958.0,0.0
12,5,-292.0,75.59999999999991,277.75,-584.0,249.0,129.0,0.0
13,5,-193.5,-302.20000000000005,-140.5,-387.0,-971.0,-46.0,375.0
14,5,109.5,-124.0,68.83333333333326,219.0,-168.0,204.0,116.0
15,5,-208.0,-473.0,-351.08333333333326,-416.0,-197.0,-335.0,47.0
16,5,75.5,-118.59999999999991,-208.08333333333326,151.0,-265.0,-1017.0,96.0
17,5,60.0,64.0,-82.5,120.0,271.0,-313.0,-67.0
18,5,39.0,111.59999999999991,-16.083333333333258,78.0,198.0,152.0,139.0
19,5,66.0,230.5999999999999,113.75,132.0,210.0,65.0,26.0
20,5,-90.5,-10.400000000000091,-72.0,-181.0,-49.0,300.0,57.0
21,5,-84.0,-174.5999999999999,-233.33333333333326,-168.0,-349.0,-19.0,-80.0
22,5,129.0,59.59999999999991,20.083333333333258,258.0,90.0,119.0,55.0
23,5,341.0,597.0,710.0833333333333,682.0,940.0,723.0,-96.0
24,5,-361.5,-99.59999999999991,6.6666666666667425,-723.0,-41.0,-132.0,-235.0
25,5,-151.5,-351.79999999999995,-283.75,-303.0,-1026.0,-254.0,-151.0
26,5,4.0,-328.20000000000005,-245.58333333333326,8.0,-295.0,-78.0,-362.0
27,5,-27.5,-305.0,-300.5,-55.0,-47.0,-391.0,-1.0
28,5,-21.0,-124.0,-326.33333333333326,-42.0,-97.0,-1115.0,-194.0
29,5,-29.0,-92.0,-353.33333333333326,-58.0,-100.0,-450.0,-372.0
30,5,18.5,-33.0,-281.91666666666674,37.0,-21.0,-110.0,-413.0
31,5,151.5,233.0,41.25,303.0,340.0,185.0,-242.0
32,5,-101.0,23.40000000000009,-138.83333333333326,-202.0,101.0,38.0,-263.0
33,5,-20.0,-24.59999999999991,-167.58333333333326,-40.0,-242.0,40.0,-135.0
2,57,0.0,0.0,0.0,0.0,0.0,0.0,0.0
3,57,-546.5,0.0,0.0,-1093.0,0.0,0.0,0.0
4,57,-130.0,0.0,0.0,-260.0,-1353.0,0.0,0.0
5,57,377.0,0.0,0.0,754.0,494.0,0.0,0.0
6,57,-80.0,1.800000000000182,0.0,-160.0,594.0,0.0,0.0
7,57,-207.0,-177.60000000000036,0.0,-414.0,-574.0,-1173.0,0.0
8,57,-100.0,-321.60000000000036,0.0,-200.0,-614.0,-280.0,0.0
9,57,236.5,60.80000000000018,0.0,473.0,273.0,453.0,0.0
10,57,-222.0,-234.19999999999982,0.0,-444.0,29.0,-745.0,0.0
11,57,2120.5,3275.6000000000004,0.0,4241.0,3797.0,3656.0,0.0
12,57,-2260.5,-1155.1999999999998,0.0,-4521.0,-280.0,-451.0,0.0
13,57,97.5,-949.0,-699.833333333333,195.0,-4326.0,-56.0,0.0
14,57,-65.5,-948.0,-700.833333333333,-131.0,64.0,-660.0,-1560.0
15,57,-295.5,-1377.6000000000004,-1203.666666666667,-591.0,-722.0,-807.0,-1058.0
16,57,-262.0,-787.1999999999998,-1617.5,-524.0,-1115.0,-5572.0,-1322.0
17,57,-61.5,-675.3999999999996,-1557.25,-123.0,-647.0,-1174.0,-2199.0
18,57,12.5,-381.60000000000036,-1364.416666666667,25.0,-98.0,-1344.0,-2014.0
19,57,-6.0,-148.5999999999999,-1242.083333333333,-12.0,13.0,-1225.0,-1612.0
20,57,-50.0,-101.80000000000018,-1216.083333333333,-100.0,-112.0,-734.0,-1512.0
21,57,50.5,21.0,-958.083333333333,101.0,1.0,-109.0,-1884.0
22,57,-155.5,-230.5999999999999,-1123.166666666667,-311.0,-210.0,-297.0,-1751.0
23,57,1674.0,2512.2,2445.166666666667,3348.0,3037.0,3026.0,-2644.0
24,57,-1348.0,-252.19999999999982,-182.58333333333303,-2696.0,652.0,342.0,-819.0
25,57,-301.5,-823.0,-650.833333333333,-603.0,-3299.0,-161.0,-1617.0
26,57,-213.5,-1112.1999999999998,-918.4166666666665,-427.0,-1030.0,-689.0,-1913.0
27,57,-126.5,-1239.0,-1040.1666666666665,-253.0,-680.0,-631.0,-1575.0
28,57,-226.0,-804.8000000000002,-1366.9166666666665,-452.0,-705.0,-4431.0,-1503.0
29,57,16.0,-432.1999999999998,-1222.5833333333335,32.0,-420.0,-1703.0,-1348.0
30,57,-44.0,-282.5999999999999,-1188.8333333333335,-88.0,-56.0,-1188.0,-1461.0
31,57,214.0,212.0,-675.75,428.0,340.0,-333.0,-1021.0
32,57,-257.0,-183.19999999999982,-1070.1666666666665,-514.0,-86.0,-594.0,-1435.0
33,57,25.0,-114.80000000000018,-896.3333333333335,50.0,-464.0,-92.0,-1486.0
2,58,0.0,0.0,0.0,0.0,0.0,0.0,0.0
3,58,-471.0,0.0,0.0,-942.0,0.0,0.0,0.0
4,58,-261.5,0.0,0.0,-523.0,-1465.0,0.0,0.0
5,58,332.0,0.0,0.0,664.0,141.0,0.0,0.0
6,58,75.0,120.80000000000018,0.0,150.0,814.0,0.0,0.0
7,58,-129.5,43.80000000000018,0.0,-259.0,-109.0,-910.0,0.0
8,58,-64.0,-65.0,0.0,-128.0,-387.0,-96.0,0.0
9,58,143.5,79.19999999999982,0.0,287.0,159.0,714.0,0.0
10,58,-37.5,9.199999999999818,0.0,-75.0,212.0,-25.0,0.0
11,58,1326.0,2165.8,0.0,2652.0,2577.0,2477.0,0.0
12,58,-1458.0,-714.1999999999998,0.0,-2916.0,-264.0,-180.0,0.0
13,58,74.5,-584.5999999999999,-308.5833333333335,149.0,-2767.0,97.0,0.0
14,58,40.0,-482.5999999999999,-156.83333333333348,80.0,229.0,-110.0,-861.0
15,58,-275.5,-916.4000000000001,-668.6666666666665,-551.0,-471.0,-586.0,-470.0
16,58,-190.0,-572.8000000000002,-1021.4166666666665,-380.0,-931.0,-3618.0,-327.0
17,58,54.0,-346.0,-839.8333333333335,108.0,-272.0,-594.0,-883.0
18,58,70.5,-84.59999999999991,-624.5,141.0,249.0,-602.0,-892.0
19,58,257.0,463.0,-100.58333333333348,514.0,655.0,-168.0,-119.0
20,58,-265.0,-37.59999999999991,-587.1666666666665,-530.0,-16.0,-147.0,-521.0
21,58,-77.0,-207.4000000000001,-661.0,-154.0,-684.0,79.0,-962.0
22,58,121.5,-7.199999999999818,-364.3333333333335,243.0,89.0,214.0,-644.0
23,58,1389.0,2200.6,2456.8333333333335,2778.0,3021.0,2851.0,-518.0
24,58,-1281.0,-316.4000000000001,-91.5,-2562.0,216.0,-225.0,-164.0
25,58,-79.5,-504.5999999999999,-211.16666666666652,-159.0,-2721.0,146.0,-472.0
26,58,-0.5,-565.4000000000001,-166.08333333333348,-1.0,-160.0,299.0,-553.0
27,58,-324.5,-1095.8000000000002,-760.8333333333335,-649.0,-650.0,-593.0,-651.0
28,58,-166.0,-687.1999999999998,-1042.5833333333335,-332.0,-981.0,-3703.0,-603.0
29,58,88.0,-318.20000000000005,-822.0,176.0,-156.0,-965.0,-535.0
30,58,67.5,-49.0,-641.9166666666665,135.0,311.0,-671.0,-541.0
31,58,24.5,124.20000000000005,-509.0833333333335,49.0,184.0,-621.0,-1006.0
32,58,-209.5,-216.5999999999999,-853.5,-419.0,-370.0,-391.0,-895.0
33,58,63.5,-103.20000000000005,-675.3333333333335,127.0,-292.0,68.0,-614.0
4,55,0.0,0.0,0.0,0.0,0.0,0.0,0.0
5,55,-62.0,0.0,0.0,-124.0,0.0,0.0,0.0
6,55,33.5,0.0,0.0,67.0,-57.0,0.0,0.0
7,55,-38.0,0.0,0.0,-76.0,-9.0,0.0,0.0
8,55,46.5,30.799999999999955,0.0,93.0,17.0,0.0,0.0
9,55,52.0,122.0,0.0,104.0,197.0,64.0,0.0
10,55,156.0,334.0,0.0,312.0,416.0,500.0,0.0
11,55,77.5,371.4,0.0,155.0,467.0,588.0,0.0
12,55,-116.5,52.200000000000045,0.0,-233.0,-78.0,431.0,0.0
13,55,-41.5,-81.79999999999995,0.0,-83.0,-316.0,255.0,0.0
14,55,18.5,-82.40000000000009,0.0,37.0,-46.0,188.0,0.0
15,55,83.5,76.0,268.91666666666663,167.0,204.0,43.0,0.0
16,55,-24.0,60.0,190.0,-48.0,119.0,-160.0,371.0
17,55,66.0,151.0,269.75,132.0,84.0,205.0,627.0
18,55,14.0,115.79999999999995,248.75,28.0,160.0,316.0,588.0
19,55,174.0,338.4000000000001,512.4166666666667,348.0,376.0,627.0,1012.0
20,55,259.0,660.8,910.6666666666667,518.0,866.0,978.0,1437.0
21,55,990.0,2039.6,2614.583333333333,1980.0,2498.0,3006.0,3313.0
22,55,-252.5,1060.8000000000002,1901.5833333333333,-505.0,1475.0,2369.0,2496.0
23,55,37.5,652.5999999999999,1775.25,75.0,-430.0,2416.0,2416.0
24,55,1315.0,2343.0,3965.3333333333335,2630.0,2705.0,4698.0,5279.0
25,55,-1939.0,-1595.3999999999996,-36.333333333333485,-3878.0,-1248.0,302.0,1484.0
26,55,109.0,-1085.4,42.916666666666515,218.0,-3660.0,-1460.0,1665.0
27,55,326.5,-372.0,516.6666666666665,653.0,871.0,-302.0,2151.0
28,55,-652.5,-1340.6,-862.8333333333335,-1305.0,-652.0,-1682.0,894.0
29,55,-104.0,-644.5999999999999,-1117.0,-208.0,-1513.0,-4520.0,554.0
30,55,-125.5,-717.0,-1390.9166666666665,-251.0,-459.0,-893.0,275.0
31,55,159.0,-240.4000000000001,-1093.3333333333335,318.0,67.0,-793.0,245.0
32,55,2445.5,3961.6,3412.8333333333335,4891.0,5209.0,3445.0,4618.0
33,55,-2447.5,-904.4000000000001,-1294.0833333333335,-4895.0,-4.0,-145.0,-2257.0
5,17,0.0,0.0,0.0,0.0,0.0,0.0,0.0
6,17,69.0,0.0,0.0,138.0,0.0,0.0,0.0
7,17,131.0,0.0,0.0,262.0,400.0,0.0,0.0
8,17,76.5,0.0,0.0,153.0,415.0,0.0,0.0
9,17,-33.5,170.5999999999999,0.0,-67.0,86.0,0.0,0.0
10,17,0.0,73.40000000000009,0.0,0.0,-67.0,486.0,0.0
11,17,502.0,807.0,0.0,1004.0,1004.0,1352.0,0.0
12,17,-480.0,-179.0,0.0,-960.0,44.0,130.0,0.0
13,17,19.0,-144.0,0.0,38.0,-922.0,15.0,0.0
14,17,-39.0,-222.79999999999995,0.0,-78.0,-40.0,4.0,0.0
15,17,-97.5,-379.5999999999999,0.0,-195.0,-273.0,-191.0,0.0
16,17,-15.5,-165.4000000000001,-211.0,-31.0,-226.0,-1226.0,0.0
17,17,-90.5,-257.0,-398.91666666666674,-181.0,-212.0,-447.0,83.0
18,17,84.0,-25.59999999999991,-240.33333333333326,168.0,-13.0,-317.0,113.0
19,17,14.0,44.59999999999991,-202.25,28.0,196.0,-211.0,-121.0
20,17,16.5,74.20000000000005,-149.16666666666674,33.0,61.0,17.0,-241.0
21,17,-110.5,-112.20000000000005,-337.25,-221.0,-188.0,-173.0,-395.0
22,17,101.0,47.799999999999955,-119.16666666666674,202.0,-19.0,210.0,-193.0
23,17,316.5,545.8,560.8333333333333,633.0,835.0,675.0,-564.0
24,17,-571.5,-498.0,-519.9166666666667,-1143.0,-510.0,-496.0,-747.0
9,9,0.0,0.0,0.0,0.0,0.0,0.0,0.0
21,9,-185.5,0.0,0.0,-371.0,0.0,0.0,0.0
27,9,-3078.0,0.0,0.0,-6156.0,-6527.0,0.0,0.0
33,9,1593.5,0.0,0.0,3187.0,-2969.0,0.0,0.0
11,49,0.0,0.0,0.0,0.0,0.0,0.0,0.0
12,49,239.5,0.0,0.0,479.0,0.0,0.0,0.0
13,49,4.5,0.0,0.0,9.0,488.0,0.0,0.0
14,49,34.5,0.0,0.0,69.0,78.0,0.0,0.0
15,49,-85.5,4.0,0.0,-171.0,-102.0,0.0,0.0
16,49,53.0,11.600000000000023,0.0,106.0,-65.0,492.0,0.0
17,49,34.0,63.39999999999998,0.0,68.0,174.0,81.0,0.0
18,49,31.0,98.60000000000002,0.0,62.0,130.0,134.0,0.0
19,49,7.0,96.79999999999995,0.0,14.0,76.0,79.0,0.0
20,49,-40.0,-17.200000000000045,0.0,-80.0,-66.0,170.0,0.0
21,49,-67.0,-137.20000000000005,0.0,-134.0,-214.0,-70.0,0.0
22,49,103.0,55.200000000000045,142.5,206.0,72.0,68.0,0.0
23,49,222.5,410.0,498.08333333333337,445.0,651.0,451.0,1073.0
24,49,-66.0,217.0,327.58333333333337,-132.0,313.0,305.0,462.0
25,49,-192.5,-168.0,-63.08333333333337,-385.0,-517.0,0.0,68.0
26,49,-37.0,-254.0,-130.83333333333337,-74.0,-459.0,60.0,-75.0
27,49,-68.5,-334.4,-264.41666666666663,-137.0,-211.0,-283.0,-41.0
28,49,75.0,-68.79999999999995,-114.66666666666663,150.0,13.0,-578.0,3.0
29,49,48.5,98.0,-20.33333333333337,97.0,247.0,-349.0,32.0
30,49,33.5,144.39999999999998,43.58333333333337,67.0,164.0,103.0,37.0
31,49,55.0,197.0,142.5,110.0,177.0,287.0,133.0
32,49,-199.5,-207.0,-241.0,-399.0,-289.0,25.0,-186.0
33,49,40.5,-117.20000000000005,-162.41666666666663,81.0,-318.0,-44.0,29.0
14,39,0.0,0.0,0.0,0.0,0.0,0.0,0.0
15,39,-83.0,0.0,0.0,-166.0,0.0,0.0,0.0
16,39,78.5,0.0,0.0,157.0,-9.0,0.0,0.0
17,39,-57.0,0.0,0.0,-114.0,43.0,0.0,0.0
18,39,-17.5,-66.79999999999995,0.0,-35.0,-149.0,0.0,0.0
19,39,50.5,45.60000000000002,0.0,101.0,66.0,-57.0,0.0
20,39,-46.5,-50.60000000000002,0.0,-93.0,8.0,16.0,0.0
21,39,-34.5,-77.60000000000002,0.0,-69.0,-162.0,-210.0,0.0
22,39,162.0,200.79999999999995,0.0,324.0,255.0,228.0,0.0
23,39,248.5,545.8,0.0,497.0,821.0,760.0,0.0
24,39,-285.5,-42.799999999999955,0.0,-571.0,-74.0,88.0,0.0
25,39,-57.5,-171.0,-65.0,-115.0,-686.0,66.0,0.0
26,39,50.0,-118.0,33.66666666666663,100.0,-15.0,235.0,16.0
27,39,-59.5,-195.39999999999998,-90.58333333333337,-119.0,-19.0,-208.0,63.0
28,39,43.0,14.399999999999977,-3.9166666666666288,86.0,-33.0,-619.0,-8.0
29,39,-99.0,-134.39999999999998,-194.25,-198.0,-112.0,-246.0,-92.0
30,39,-2.0,-111.39999999999998,-193.16666666666663,-4.0,-202.0,-135.0,-61.0
31,39,136.0,153.20000000000005,69.66666666666663,272.0,268.0,37.0,110.0
32,39,-1.5,119.60000000000002,50.0,-3.0,269.0,153.0,200.0
33,39,45.0,178.20000000000005,110.08333333333337,90.0,87.0,157.0,359.0
14,40,0.0,0.0,0.0,0.0,0.0,0.0,0.0
15,40,-79.0,0.0,0.0,-158.0,0.0,0.0,0.0
16,40,-10.5,0.0,0.0,-21.0,-179.0,0.0,0.0
17,40,7.5,0.0,0.0,15.0,-6.0,0.0,0.0
18,40,7.0,-19.80000000000001,0.0,14.0,29.0,0.0,0.0
19,40,-5.0,2.1999999999999886,0.0,-10.0,4.0,-160.0,0.0
20,40,19.0,33.0,0.0,38.0,28.0,36.0,0.0
21,40,24.0,60.0,0.0,48.0,86.0,105.0,0.0
22,40,46.5,116.39999999999998,0.0,93.0,141.0,183.0,0.0
23,40,254.5,489.79999999999995,0.0,509.0,602.0,678.0,0.0
24,40,-290.5,-112.60000000000002,0.0,-581.0,-72.0,107.0,0.0
15,48,0.0,0.0,0.0,0.0,0.0,0.0,0.0
16,48,716.0,0.0,0.0,1432.0,0.0,0.0,0.0
17,48,-191.0,0.0,0.0,-382.0,1050.0,0.0,0.0
18,48,50.0,0.0,0.0,100.0,-282.0,0.0,0.0
19,48,173.5,471.20000000000005,0.0,347.0,447.0,0.0,0.0
20,48,-265.0,-252.20000000000005,0.0,-530.0,-183.0,967.0,0.0
21,48,4.5,-152.0,0.0,9.0,-521.0,-456.0,0.0
22,48,109.0,37.200000000000045,0.0,218.0,227.0,144.0,0.0
23,48,445.0,740.4000000000001,0.0,890.0,1108.0,934.0,0.0
24,48,-506.0,-186.5999999999999,0.0,-1012.0,-122.0,-425.0,0.0
25,48,-155.0,-455.5999999999999,0.0,-310.0,-1322.0,-205.0,0.0
26,48,34.0,-358.4000000000001,-254.5,68.0,-242.0,-146.0,0.0
27,48,-45.0,-357.5999999999999,-406.16666666666674,-90.0,-22.0,-454.0,740.0
28,48,14.5,-65.59999999999991,-321.91666666666674,29.0,-61.0,-1315.0,-663.0
29,48,-60.0,-101.0,-408.5,-120.0,-91.0,-423.0,-401.0
30,48,56.0,11.200000000000045,-264.08333333333326,112.0,-8.0,-1.0,-389.0
31,48,103.0,189.79999999999995,-13.916666666666742,206.0,318.0,137.0,-530.0
32,48,-103.5,-21.200000000000045,-203.66666666666674,-207.0,-1.0,20.0,-207.0
33,48,5.0,-11.400000000000091,-176.5,10.0,-197.0,1.0,-206.0
18,34,0.0,0.0,0.0,0.0,0.0,0.0,0.0
19,34,183.0,0.0,0.0,366.0,0.0,0.0,0.0
20,34,19.0,0.0,0.0,38.0,404.0,0.0,0.0
21,34,-44.5,0.0,0.0,-89.0,-51.0,0.0,0.0
22,34,62.0,134.2,0.0,124.0,35.0,0.0,0.0
23,34,108.5,220.0,0.0,217.0,341.0,656.0,0.0
24,34,-92.5,14.0,0.0,-185.0,32.0,105.0,0.0
25,34,-41.5,-65.80000000000001,0.0,-83.0,-268.0,-16.0,0.0
26,34,20.5,-47.60000000000002,0.0,41.0,-42.0,114.0,0.0
27,34,-3.5,-51.19999999999999,0.0,-7.0,34.0,-17.0,0.0
28,34,-7.5,-16.399999999999977,0.0,-15.0,-22.0,-249.0,0.0
29,34,-12.0,-22.80000000000001,-7.0,-24.0,-39.0,-88.0,0.0
30,34,37.5,38.19999999999999,29.833333333333314,75.0,51.0,70.0,458.0
31,34,12.0,51.60000000000002,44.166666666666686,24.0,99.0,53.0,116.0
32,34,-32.0,-11.600000000000023,-21.0,-64.0,-40.0,-4.0,14.0
33,34,-18.5,-43.39999999999998,-63.5,-37.0,-101.0,-26.0,66.0
19,33,0.0,0.0,0.0,0.0,0.0,0.0,0.0
20,33,231.0,0.0,0.0,462.0,0.0,0.0,0.0
21,33,5.5,0.0,0.0,11.0,473.0,0.0,0.0
22,33,108.0,0.0,0.0,216.0,227.0,0.0,0.0
23,33,121.0,420.0,0.0,242.0,458.0,0.0,0.0
24,33,-25.0,193.79999999999995,0.0,-50.0,192.0,881.0,0.0
25,33,-107.0,-61.200000000000045,0.0,-214.0,-264.0,205.0,0.0
26,33,-143.5,-329.6,0.0,-287.0,-501.0,-93.0,0.0
27,33,-253.0,-672.6,0.0,-506.0,-793.0,-815.0,0.0
21,20,0.0,0.0,0.0,0.0,0.0,0.0,0.0
33,20,-325.0,0.0,0.0,-650.0,0.0,0.0,0.0
25,11,0.0,0.0,0.0,0.0,0.0,0.0,0.0
33,36,0.0,0.0,0.0,0.0,0.0,0.0,0.0
